episode,step,object_available,task_started,gripper_width_cm,distance_ee_object_cm,grasp_completed,finger_contacts,grasp_attempts,object_lift_height_cm,distance_object_goal_cm,task_aborted,fingers_width,dist_ee_to_cube,dist_cube_to_target,obstacle_in_path,obstacle_count_in_path,reward,is_success,ee_x,ee_y,ee_z,ee_vx,ee_vy,ee_vz,cube_x,cube_y,cube_z,cube_roll,cube_pitch,cube_yaw,cube_vx,cube_vy,cube_vz,target_x,target_y,target_z,action_x,action_y,action_z,action_gripper,j0,j1,j2,j3,j4,j5,j6,jv0,jv1,jv2,jv3,jv4,jv5,jv6,current_subtask,current_task,active_target_name,objects.object_1.type,objects.object_1.size.0,objects.object_1.size.1,objects.object_1.size.2,objects.object_1.mass,objects.object_1.color.0,objects.object_1.color.1,objects.object_1.color.2,objects.object_1.color.3,objects.object_1.initial_position.0,objects.object_1.initial_position.1,objects.object_1.initial_position.2,objects.object_1.lateral_friction,objects.object_1.spinning_friction,objects.object_1.current_position.0,objects.object_1.current_position.1,objects.object_1.current_position.2,scene.table.length,scene.table.width,scene.table.height,scene.table.x_offset,scene.table.lateral_friction,scene.table.spinning_friction,robot_config.control_type,robot_config.block_gripper,robot_config.base_position.0,robot_config.base_position.1,robot_config.base_position.2,target_goal.type,target_goal.targets.0.name,target_goal.targets.0.position.0,target_goal.targets.0.position.1,target_goal.targets.0.position.2,target_goal.mode,scripts.script_1,scripts.reach_only,scripts.left_right,active_state,sat
1,1,1,1,7,28,0,0,0,0,40,0,0.07027387619018555,0.31056663393974304,0.4000006318092346,False,0,-0.4000006318092346,False,0.009495292790234089,1.178313232230721e-05,0.19061630964279175,-0.4159890115261078,0.00045809565926901996,-0.04967110976576805,-0.25000062584877014,3.736820133326546e-07,0.019989527761936188,4.508965957938926e-06,-3.091175312874839e-05,-4.245805484970333e-06,-5.521296316146618e-06,1.1268595699220896e-05,-5.092706942377845e-06,0.15000000596046448,0.0,0.019999999552965164,-0.9838959574699402,7.485559914977014e-12,-0.17874202132225037,1.0,-0.0005566537575961526,0.34021308657480276,0.0006061433571703172,-1.9788397505155277,-0.0002630682797318725,2.318546971624037,0.7861622732860726,-0.0042817260777797345,-0.9483569016313513,0.00517814569309245,-1.5661865406374418,-0.0025945015778349404,0.45017114771180955,-0.029508549326257016,APPROACH_OBJECT,OBJECT_DELIVERY_SEQUENCE,target,box,0.04,0.04,0.04,1.0,0.1,0.2,0.9,1.0,-0.25,0.0,0.02,0.155,0.001,-0.2500006382154648,3.736820161819107e-07,0.01998952846842175,1.1,0.7,0.4,-0.3,3.0,0.001,ee,False,-0.6,0.0,0.05,goal_sequence,target,0.15000000596046448,0.0,0.019999999552965164,goal_sequence,True,True,True,S2,
1,2,1,1,7,25,0,0,0,0,40,0,0.07881755381822586,0.28059694170951843,0.40000075101852417,False,0,-0.40000075101852417,False,-0.022480323910713196,2.3290764147532173e-05,0.18421216309070587,-0.36926957964897156,0.0001258005650015548,-0.07556977868080139,-0.2500007450580597,8.244177251981455e-07,0.019989432767033577,4.509997779678088e-06,-3.5660701541928574e-05,-8.48362014949089e-06,-1.391017690366425e-06,1.1268277376075275e-05,-9.600078101357212e-07,0.15000000596046448,0.0,0.019999999552965164,-0.9848915934562683,-4.330346200731583e-05,-0.1731720119714737,1.0,-0.0006454457309169628,0.2683278810100903,0.0007010113032633829,-2.1077742965864212,-0.0002600347487305869,2.3756299634490805,0.7856714120186665,-0.0006832954133602093,-0.7571207627033231,0.0008104217040212081,-1.3320478991008662,2.4340176974991384e-05,0.43891502267501237,-0.003774266643069569,APPROACH_OBJECT,OBJECT_DELIVERY_SEQUENCE,target,box,0.04,0.04,0.04,1.0,0.1,0.2,0.9,1.0,-0.25,0.0,0.02,0.155,0.001,-0.2500007504158555,8.244176984337467e-07,0.019989433475159142,1.1,0.7,0.4,-0.3,3.0,0.001,ee,False,-0.6,0.0,0.05,goal_sequence,target,0.15000000596046448,0.0,0.019999999552965164,goal_sequence,True,True,True,S2,
1,3,1,1,7,22,0,0,0,0,40,0,0.079856276512146,0.2501492500305176,0.40000078082084656,False,0,-0.40000078082084656,False,-0.05558902770280838,3.697322972584516e-05,0.17740198969841003,-0.3892451822757721,0.0002255145227536559,-0.0653950572013855,-0.2500007748603821,1.2751467011185014e-06,0.019989416003227234,4.5101946852810215e-06,-3.6555909900926054e-05,-1.2719714504783042e-05,-6.124225819803542e-07,1.1268193702562712e-05,-1.8096928044997185e-07,0.15000000596046448,0.0,0.019999999552965164,-0.9854636788368225,-9.730892634252086e-05,-0.16988614201545715,1.0,-0.000676852349607069,0.19721843842507403,0.0007464364790885755,-2.234281956587732,-0.00021403062211941104,2.4311386375122455,0.7855969100067268,-0.0002421149390447663,-0.8030163226686189,0.0006218652971860107,-1.3457039836083946,0.0003580322028856973,0.4268097501616014,-0.0005728511845992657,APPROACH_OBJECT,OBJECT_DELIVERY_SEQUENCE,target,box,0.04,0.04,0.04,1.0,0.1,0.2,0.9,1.0,-0.25,0.0,0.02,0.155,0.001,-0.2500007855749166,1.2751467347975933e-06,0.019989415568297347,1.1,0.7,0.4,-0.3,3.0,0.001,ee,False,-0.6,0.0,0.05,goal_sequence,target,0.15000000596046448,0.0,0.019999999552965164,goal_sequence,True,True,True,S2,
1,4,1,1,7,19,0,0,0,0,40,0,0.07998256385326385,0.21994276344776154,0.40000081062316895,False,0,-0.40000081062316895,False,-0.08968515694141388,5.3241001296555623e-05,0.1705673336982727,-0.40075159072875977,0.00026492049801163375,-0.0701165571808815,-0.25000080466270447,1.7258736306757783e-06,0.019989412277936935,4.510233793553198e-06,-3.6724668461829424e-05,-1.6955564206000417e-05,-4.6563098976548645e-07,1.1268158232269343e-05,-3.4116578007115095e-08,0.15000000596046448,0.0,0.019999999552965164,-0.98638516664505,-0.00018112103862222284,-0.16445139050483704,1.0,-0.0006975170970684634,0.12630500067151362,0.0007954818684197123,-2.3582495102312695,-0.00015391604570628856,2.4845697793319577,0.7855704272391508,-0.00015955217527541775,-0.8023936103108048,0.0007519584180329568,-1.3278089946203382,0.0004670033139032286,0.4108353191668705,-0.00020362785355665554,APPROACH_OBJECT,OBJECT_DELIVERY_SEQUENCE,target,box,0.04,0.04,0.04,1.0,0.1,0.2,0.9,1.0,-0.25,0.0,0.02,0.155,0.001,-0.25000080621045623,1.7258736698106592e-06,0.019989412192645828,1.1,0.7,0.4,-0.3,3.0,0.001,ee,False,-0.6,0.0,0.05,goal_sequence,target,0.15000000596046448,0.0,0.019999999552965164,goal_sequence,True,True,True,S2,
1,5,1,1,7,16,0,0,0,0,40,0,0.07999791949987411,0.19003336131572723,0.40000084042549133,False,0,-0.40000084042549133,False,-0.1251048743724823,6.716037751175463e-05,0.16321536898612976,-0.38102614879608154,0.0006742968689650297,-0.04941897839307785,-0.25000083446502686,2.1765995370515157e-06,0.019989412277936935,4.5102428885002155e-06,-3.675648622447625e-05,-2.119144846801646e-05,-4.3793721715701395e-07,1.1268131856922992e-05,-6.434137667099549e-09,0.15000000596046448,0.0,0.019999999552965164,-0.9875102043151855,-0.0003173222066834569,-0.15755456686019897,1.0,-0.0007128470360316962,0.05545577771507068,0.0008496406330948499,-2.4805651021928767,-7.686749180054173e-05,2.535220621189639,0.7855409579998638,-0.00011951185410102871,-0.8109525837529391,0.0017438220378591836,-1.2507477230343746,0.000603215258193469,0.38945609355619154,-0.00022659104358946358,APPROACH_OBJECT,OBJECT_DELIVERY_SEQUENCE,target,box,0.04,0.04,0.04,1.0,0.1,0.2,0.9,1.0,-0.25,0.0,0.02,0.155,0.001,-0.25000082410733043,2.1765994240189325e-06,0.019989411556199578,1.1,0.7,0.4,-0.3,3.0,0.001,ee,False,-0.6,0.0,0.05,goal_sequence,target,0.15000000596046448,0.0,0.019999999552965164,goal_sequence,True,True,True,S2,
1,6,1,1,7,13,0,0,0,0,40,0,0.07999978214502335,0.16288572549819946,0.40000084042549133,False,0,-0.40000084042549133,False,-0.16071924567222595,6.98372459737584e-05,0.15622654557228088,-0.408211350440979,0.0007701098220422864,-0.06678381562232971,-0.25000083446502686,2.627324192872038e-06,0.019989412277936935,4.510246526479023e-06,-3.6762492527486756e-05,-2.5427420041523874e-05,-4.3269400862300245e-07,1.1268107300566044e-05,-1.2158488660318767e-09,0.15000000596046448,0.0,0.019999999552965164,-0.9895192980766296,-0.0005148501950316131,-0.14439962804317474,1.0,-0.0007232392721754065,-0.016350408136720243,0.0008899709830166256,-2.6004105709464254,2.3993276238345467e-05,2.5838880274574163,0.7854882992134753,-8.020491533602698e-05,-0.8300492043530394,0.002253826579811531,-1.283656279638043,0.0007748031929105722,0.3742040245399334,-0.000404897094402612,APPROACH_OBJECT,OBJECT_DELIVERY_SEQUENCE,target,box,0.04,0.04,0.04,1.0,0.1,0.2,0.9,1.0,-0.25,0.0,0.02,0.155,0.001,-0.25000084148704027,2.627324180841425e-06,0.01998941143610688,1.1,0.7,0.4,-0.3,3.0,0.001,ee,False,-0.6,0.0,0.05,goal_sequence,target,0.15000000596046448,0.0,0.019999999552965164,goal_sequence,True,True,True,S2,
1,7,1,1,7,11,0,0,0,0,40,0,0.07999999821186066,0.13962557911872864,0.4000008702278137,False,0,-0.4000008702278137,False,-0.19703467190265656,5.547591354115866e-05,0.14917874336242676,-0.4311763048171997,0.0003493164840620011,-0.08161059767007828,-0.25000086426734924,3.078047939197859e-06,0.019989412277936935,4.510249254963128e-06,-3.6763631214853376e-05,-2.9663488021469675e-05,-4.316827926231781e-07,1.1268083653703798e-05,-2.3218836575633617e-10,0.15000000596046448,0.0,0.019999999552965164,-0.9921720027923584,-0.0007468931144103408,-0.12487654387950897,1.0,-0.000723970991194091,-0.08969533809771256,0.0008936396059401601,-2.7181487428796665,0.00014963940236513174,2.6277679781293455,0.7853920903492331,-3.585262700354485e-06,-0.8521508246372542,0.001509587116095834,-1.3031411436491345,0.0009606435605194197,0.3373929542379943,-0.0007396138382328261,APPROACH_OBJECT,OBJECT_DELIVERY_SEQUENCE,target,box,0.04,0.04,0.04,1.0,0.1,0.2,0.9,1.0,-0.25,0.0,0.02,0.155,0.001,-0.25000085876834904,3.0780479764908263e-06,0.019989411413349322,1.1,0.7,0.4,-0.3,3.0,0.001,ee,False,-0.6,0.0,0.05,goal_sequence,target,0.15000000596046448,0.0,0.019999999552965164,goal_sequence,True,True,True,S2,
1,8,1,1,7,9,0,0,0,0,40,0,0.07999999821186066,0.1238332986831665,0.4000008702278137,False,0,-0.4000008702278137,False,-0.23363864421844482,2.2698477550875396e-05,0.14273697137832642,-0.4297321140766144,-6.549536919919774e-05,-0.07219149172306061,-0.25000086426734924,3.5287707760289777e-06,0.019989412277936935,4.510251983447233e-06,-3.676385313156061e-05,-3.389965422684327e-05,-4.314693740070652e-07,1.1268060006841552e-05,-4.674882703170624e-11,0.15000000596046448,0.0,0.019999999552965164,-0.996886134147644,-0.0009861898142844439,-0.07884825766086578,1.0,-0.0007091825355155727,-0.16760369161185742,0.0008407277339209116,-2.8336874646530474,0.000287887460440679,2.664829539747963,0.7852410804249941,0.00011778399831927121,-0.9250549912782835,0.0004396841652732056,-1.291974795291863,0.0010558428686067945,0.28496651515646193,-0.0011611211831718572,APPROACH_OBJECT,OBJECT_DELIVERY_SEQUENCE,target,box,0.04,0.04,0.04,1.0,0.1,0.2,0.9,1.0,-0.25,0.0,0.02,0.155,0.001,-0.2500008760301956,3.528770818098008e-06,0.019989411408939943,1.1,0.7,0.4,-0.3,3.0,0.001,ee,False,-0.6,0.0,0.05,goal_sequence,target,0.15000000596046448,0.0,0.019999999552965164,goal_sequence,True,True,True,S2,
1,9,1,1,7,9,0,0,0,0,40,0,0.07999999821186066,0.12139910459518433,0.4000009000301361,False,0,-0.4000009000301361,False,-0.2713768780231476,-2.406898966000881e-05,0.1394917517900467,-0.37389689683914185,-0.00033949551288969815,0.026130162179470062,-0.25000089406967163,3.979492703365395e-06,0.019989412277936935,4.510254257183988e-06,-3.676390406326391e-05,-3.813591683865525e-05,-4.3140630623383913e-07,1.1268036359979305e-05,-1.1797032101190652e-11,0.15000000596046448,0.0,0.019999999552965164,-0.9906566143035889,-0.0011606360785663128,0.13637511432170868,1.0,-0.0006826447599521476,-0.26435484592268627,0.000722028363067223,-2.945290009126884,0.000406833137434445,2.6724844167203274,0.7850450384396135,0.0002070264450597819,-1.302513061498905,-0.000605818072317363,-1.2276178002491125,0.0009101843904350164,0.05885763789201626,-0.0015073739311225,APPROACH_OBJECT,OBJECT_DELIVERY_SEQUENCE,target,box,0.04,0.04,0.04,1.0,0.1,0.2,0.9,1.0,-0.25,0.0,0.02,0.155,0.001,-0.25000089328746017,3.979492706986637e-06,0.019989411407989287,1.1,0.7,0.4,-0.3,3.0,0.001,ee,False,-0.6,0.0,0.05,goal_sequence,target,0.15000000596046448,0.0,0.019999999552965164,goal_sequence,True,True,True,S2,
1,10,1,1,7,8,0,0,0,0,40,0,0.07999999076128006,0.10796497017145157,0.4000009298324585,False,0,-0.4000009298324585,False,-0.25905323028564453,-2.1267132979119197e-05,0.12757422029972076,-0.4097110629081726,0.0004612062475644052,-1.0625571012496948,-0.250000923871994,4.43021372120711e-06,0.019989412277936935,4.510256985668093e-06,-3.6763922253157943e-05,-4.237228131387383e-05,-4.313715749049152e-07,1.1268011803622358e-05,-5.212327097714464e-12,0.15000000596046448,0.0,0.019999999552965164,0.2206217348575592,0.0002894885838031769,-0.9753593802452087,1.0,-0.0007142898627410314,-0.18398144947420575,0.000763437086907809,-2.9401698813358834,0.0003479031271941716,2.7943295432968545,0.7851130374492914,-0.00023154112382980154,3.6343380918933574,0.00013153911080967086,0.27021133394088637,-0.00045351589775995474,0.9368759314700963,0.0005250568448692044,APPROACH_OBJECT,OBJECT_DELIVERY_SEQUENCE,target,box,0.04,0.04,0.04,1.0,0.1,0.2,0.9,1.0,-0.25,0.0,0.02,0.155,0.001,-0.250000910542948,4.430213643272149e-06,0.019989411407690616,1.1,0.7,0.4,-0.3,3.0,0.001,ee,False,-0.6,0.0,0.05,goal_sequence,target,0.15000000596046448,0.0,0.019999999552965164,goal_sequence,True,True,True,S2,
1,11,1,1,7,4,0,0,0,0,40,0,0.07999999076128006,0.07002666592597961,0.4000007212162018,False,0,-0.4000007212162018,False,-0.2647992968559265,-1.1116425412183162e-05,0.0884346216917038,-0.27145957946777344,0.00035159659455530345,-0.6196615099906921,-0.2500007152557373,4.90338015879388e-06,0.019989490509033203,6.86149626005772e-09,-2.5524868760840036e-05,-4.5973214582772925e-05,2.2493180949823e-05,5.26768303643621e-07,2.196645255025942e-05,0.15000000596046448,0.0,0.019999999552965164,0.10895973443984985,0.00030931050423532724,-0.9940460920333862,1.0,-0.0007636979165262694,-0.028597925052938202,0.0007660342321656844,-2.9115217933709165,0.0002215084097847212,2.8606005474819853,0.7851956059266577,-0.00037759977437855537,2.1932465505031966,0.0001996691623457345,0.27818582426013755,-0.0009738154708753676,0.5095618681809672,0.0006348736521424097,APPROACH_OBJECT,OBJECT_DELIVERY_SEQUENCE,target,box,0.04,0.04,0.04,1.0,0.1,0.2,0.9,1.0,-0.25,0.0,0.02,0.155,0.001,-0.25000070043087186,4.903380098338324e-06,0.01998948963338307,1.1,0.7,0.4,-0.3,3.0,0.001,ee,False,-0.6,0.0,0.05,goal_sequence,target,0.15000000596046448,0.0,0.019999999552965164,goal_sequence,True,True,True,S2,
1,12,1,1,7,1,0,0,0,0,40,0,0.07999997586011887,0.039131492376327515,0.40000030398368835,False,0,-0.40000030398368835,False,-0.2567138671875,-1.7619397112866864e-05,0.058541182428598404,-0.1778106838464737,0.0002522648428566754,-0.5876243114471436,-0.2500002980232239,4.903496574115707e-06,0.019989904016256332,9.26738549067583e-17,-4.815630290977424e-06,-4.597328006639145e-05,4.187480499240337e-06,-1.9883446278345929e-10,4.187525973975426e-06,0.15000000596046448,0.0,0.019999999552965164,0.32243475317955017,0.00034904287895187736,-0.9465916156768799,1.0,-0.000750690208564182,0.11407731010482208,0.0006388164520469871,-2.874219880703603,-5.133585941935252e-05,2.9733840899791626,0.7853475166767682,9.727399439100372e-05,2.2019985118802605,-0.0007826639893283808,0.41898972733487283,-0.0021001385970566104,0.8672002568980559,0.0011680303231140898,APPROACH_OBJECT,OBJECT_DELIVERY_SEQUENCE,target,box,0.04,0.04,0.04,1.0,0.1,0.2,0.9,1.0,-0.25,0.0,0.02,0.155,0.001,-0.2500002862534305,4.903496398524369e-06,0.01998990368716314,1.1,0.7,0.4,-0.3,3.0,0.001,ee,False,-0.6,0.0,0.05,goal_sequence,target,0.15000000596046448,0.0,0.019999999552965164,goal_sequence,True,True,True,S2,
1,13,1,1,7,0,0,0,0,0,40,0,0.07999997586011887,0.009151069447398186,0.4000002145767212,False,0,-0.4000002145767212,False,-0.24476748704910278,1.1950625776080415e-05,0.02749735489487648,-0.10414102673530579,0.0002702799392864108,-0.6151332855224609,-0.2500002086162567,4.903495664621005e-06,0.0199899822473526,-1.7945686603404454e-10,-9.085395049623912e-07,-4.597336010192521e-05,7.900334821897559e-07,-1.926184350908855e-10,7.901911658336758e-07,0.15000000596046448,0.0,0.019999999552965164,0.4439268410205841,0.0014892991166561842,-0.8960617780685425,1.0,-0.0004580711886910128,0.26122469012808197,0.00037201195570228256,-2.8099200006815277,-0.0002611638918061516,3.054160614607471,0.7855706364031914,0.0022493143666231135,2.3163628221869765,-0.002179810858473826,0.8001936361510922,-0.001608274693463186,0.6210966967024942,0.0017155620967981861,APPROACH_OBJECT,OBJECT_DELIVERY_SEQUENCE,target,box,0.04,0.04,0.04,1.0,0.1,0.2,0.9,1.0,-0.25,0.0,0.02,0.155,0.001,-0.2500002081102265,4.903495591203585e-06,0.01998998182561259,1.1,0.7,0.4,-0.3,3.0,0.001,ee,False,-0.6,0.0,0.05,goal_sequence,target,0.15000000596046448,0.0,0.019999999552965164,goal_sequence,True,True,True,S2,
1,14,1,1,3,0,1,2,1,0,39,0,0.03711763396859169,0.0017435739282518625,0.3998139202594757,False,0,-0.3998139202594757,False,-0.2507306635379791,4.572119451040635e-06,0.020339079201221466,0.2150353193283081,-0.00023367677931673825,0.2588478922843933,-0.24980978667736053,0.0002126829931512475,0.02180493250489235,0.004388072527945042,-0.009361554868519306,-0.001957125263288617,0.21213430166244507,0.0075126150622963905,0.24293586611747742,0.15000000596046448,0.0,0.019999999552965164,0.0,0.0,0.0,-1.0,-0.00031655356838881726,0.27701726137597465,0.00021174111413538592,-2.817377471228622,-0.00034834225216994456,3.0727762367431595,0.7856250285061289,0.0010764012167708593,-0.7520243017613605,-0.001391335543608473,-0.0854263805264918,-0.0005145147198676019,0.14299713408348363,0.0009814961893971665,GRASP_OBJECT,OBJECT_DELIVERY_SEQUENCE,target,box,0.04,0.04,0.04,1.0,0.1,0.2,0.9,1.0,-0.25,0.0,0.02,0.155,0.001,-0.24980978664046533,0.00021268300039565082,0.02180493168199349,1.1,0.7,0.4,-0.3,3.0,0.001,ee,False,-0.6,0.0,0.05,goal_sequence,target,0.15000000596046448,0.0,0.019999999552965164,goal_sequence,True,True,True,S6,True
1,15,1,1,3,0,1,2,1,0,39,0,0.03801337629556656,0.0015180917689576745,0.39947426319122314,False,0,-0.39947426319122314,False,-0.25004902482032776,-2.131231440216652e-06,0.021573197096586227,-0.009025128558278084,-4.914083183393814e-05,-0.00438795518130064,-0.24946467578411102,0.000949481560382992,0.022601580247282982,0.00341985747218132,-0.02850932814180851,-0.0020926331635564566,-0.009480261243879795,0.019412634894251823,-0.004573253449052572,0.15000000596046448,0.0,0.019999999552965164,0.0,0.0,0.0,-1.0,-0.00023310195660016374,0.2767213679768652,0.0001165216721282741,-2.827542092734132,-0.00037998181527768097,3.101744506974852,0.7856617454282336,0.0006428488935851535,0.025193661147274296,-0.0007457923791084897,-0.08170800956609588,-0.0002560914405618491,0.22271458596773855,0.00022279462543259992,GRASP_OBJECT,OBJECT_DELIVERY_SEQUENCE,target,box,0.04,0.04,0.04,1.0,0.1,0.2,0.9,1.0,-0.25,0.0,0.02,0.155,0.001,-0.24946467015274162,0.0009494815352257307,0.022601579755353405,1.1,0.7,0.4,-0.3,3.0,0.001,ee,False,-0.6,0.0,0.05,goal_sequence,target,0.15000000596046448,0.0,0.019999999552965164,goal_sequence,True,True,True,S6,True
1,16,1,1,3,0,1,2,1,0,41,0,0.03204876184463501,0.0042373924516141415,0.41238686442375183,False,0,-0.41238686442375183,False,-0.26475989818573,1.1326458661642391e-05,0.032828353345394135,0.4273642599582672,-0.0005471917102113366,0.7402092218399048,-0.26226505637168884,0.0017375932075083256,0.02987010031938553,0.036486756056547165,0.07519993931055069,-0.0009605460800230503,0.14589901268482208,0.020191805437207222,0.480137437582016,0.15000000596046448,0.0,0.019999999552965164,0.0,0.0,1.0,-1.0,-0.00024370148859607305,0.20139168350791586,0.00018968409957138526,-2.8529441635712347,-0.00032038539341538275,3.0002029877077177,0.7856544277346686,-6.265098681501081e-05,-2.543478647719236,-0.0007227017468920943,-0.2797390293320383,0.00048080018861917234,-0.7807514404248712,-6.286666673548276e-05,LIFT_OBJECT,OBJECT_DELIVERY_SEQUENCE,target,box,0.04,0.04,0.04,1.0,0.1,0.2,0.9,1.0,-0.25,0.0,0.02,0.155,0.001,-0.26226504157160413,0.0017375932638602697,0.02987010025886546,1.1,0.7,0.4,-0.3,3.0,0.001,ee,False,-0.6,0.0,0.05,goal_sequence,target,0.15000000596046448,0.0,0.019999999552965164,goal_sequence,True,True,True,S18,True
1,17,1,1,2,0,1,2,1,3,40,0,0.02733549289405346,0.008172116242349148,0.4113915264606476,False,0,-0.4113914966583252,False,-0.26185715198516846,1.215482916450128e-05,0.06456838548183441,0.07385475188493729,3.4835659334930824e-06,0.371986448764801,-0.25971367955207825,0.002364872256293893,0.05704151839017868,-0.024361450225114822,0.02798178419470787,0.004530321341007948,0.13788609206676483,0.013962382450699806,0.4356319308280945,0.15000000596046448,0.0,0.019999999552965164,0.0,0.0,1.0,-1.0,-0.00024965383766349517,0.07203590548889384,0.00024001828543728936,-2.897402088899327,-0.00022706406228372857,2.9609566788593447,0.7856279929591199,-4.187979779172839e-05,-1.4887852656912661,0.00044806987226483734,-0.4524384448733179,0.0006742964842113702,-0.30175613308400545,-0.0003143145493929283,LIFT_OBJECT,OBJECT_DELIVERY_SEQUENCE,target,box,0.04,0.04,0.04,1.0,0.1,0.2,0.9,1.0,-0.25,0.0,0.02,0.155,0.001,-0.25971367049849553,0.00236487229559703,0.057041517757113795,1.1,0.7,0.4,-0.3,3.0,0.001,ee,False,-0.6,0.0,0.05,goal_sequence,target,0.15000000596046448,0.0,0.019999999552965164,goal_sequence,True,True,True,S18,True
1,18,1,1,2,0,1,2,1,5,40,0,0.027401521801948547,0.01181483082473278,0.4132973253726959,False,0,-0.4132973551750183,False,-0.26185595989227295,1.242376947629964e-05,0.09007280319929123,0.23324181139469147,-0.0004778032598551363,0.5396130681037903,-0.2590427100658417,0.0032407850958406925,0.07906128466129303,-0.017875071614980698,0.04044809564948082,-0.0070243836380541325,0.24871815741062164,0.029183300212025642,0.599976122379303,0.15000000596046448,0.0,0.019999999552965164,0.0,0.0,1.0,-1.0,-0.00020973937251235114,-0.037705677681637,0.0002469891330548894,-2.9066966030069077,-4.7025862626884974e-05,2.8560070473739274,0.7855103100127422,0.00030594366743388196,-1.8638919834593364,-0.0013213099378234089,-0.08311950445989154,0.0014105160722120407,-0.8069423626131675,-0.0009171412406199803,LIFT_OBJECT,OBJECT_DELIVERY_SEQUENCE,target,box,0.04,0.04,0.04,1.0,0.1,0.2,0.9,1.0,-0.25,0.0,0.02,0.155,0.001,-0.25904269990306794,0.003240785140227976,0.0790612830464053,1.1,0.7,0.4,-0.3,3.0,0.001,ee,False,-0.6,0.0,0.05,goal_sequence,target,0.15000000596046448,0.0,0.019999999552965164,goal_sequence,True,True,True,S18,True
1,19,1,1,3,0,1,2,1,8,40,0,0.03186575695872307,0.014221216551959515,0.4136525094509125,False,0,-0.4136525094509125,False,-0.2589498460292816,6.964701242395677e-06,0.11884447187185287,0.14542151987552643,-2.7606895400822395e-06,0.4404877722263336,-0.2546170651912689,0.003973703365772963,0.10589321702718735,0.0008356783073395491,0.105315200984478,-0.00109610497020185,0.1715591847896576,0.018682731315493584,0.45954981446266174,0.15000000596046448,0.0,0.019999999552965164,0.0,0.0,1.0,-1.0,-0.00016284139905123256,-0.14831833978482964,0.0002044892202444617,-2.9069011414404917,7.023287947414306e-05,2.7511188247329432,0.7854208053481104,0.000376608400725091,-1.5017826179516935,-0.0002701032516860885,-0.007109336697949678,0.001155667309797573,-0.8071969465615887,-0.0004054775742544396,LIFT_OBJECT,OBJECT_DELIVERY_SEQUENCE,target,box,0.04,0.04,0.04,1.0,0.1,0.2,0.9,1.0,-0.25,0.0,0.02,0.155,0.001,-0.25461707774729353,0.003973703407205258,0.1058932151304529,1.1,0.7,0.4,-0.3,3.0,0.001,ee,False,-0.6,0.0,0.05,goal_sequence,target,0.15000000596046448,0.0,0.019999999552965164,goal_sequence,True,True,True,S18,True
1,20,1,1,3,0,1,2,1,11,40,0,0.03245897218585014,0.016332466155290604,0.4168452322483063,False,0,-0.4168452322483063,False,-0.25593024492263794,3.6442995678953594e-06,0.14745405316352844,0.16105109453201294,0.00014658305735792965,0.503309428691864,-0.2513261139392853,0.004918843042105436,0.13257479667663574,-0.002530596684664488,0.1570093184709549,0.0038301844615489244,0.218733012676239,0.02346283756196499,0.5282498002052307,0.15000000596046448,0.0,0.019999999552965164,0.0,0.0,1.0,-1.0,-0.00014180685425664913,-0.24623903669081867,0.00017712939412544687,-2.8909119515414603,6.053428064386977e-05,2.634436825355286,0.7853574388060508,0.0001797772587257754,-1.5642483128896794,0.0002171756293030358,0.12275937872884693,0.0021030374493255896,-0.8978971031574274,-0.0006058863061895545,LIFT_OBJECT,OBJECT_DELIVERY_SEQUENCE,target,box,0.04,0.04,0.04,1.0,0.1,0.2,0.9,1.0,-0.25,0.0,0.02,0.155,0.001,-0.25132610407786266,0.004918843100510801,0.13257479332369324,1.1,0.7,0.4,-0.3,3.0,0.001,ee,False,-0.6,0.0,0.05,goal_sequence,target,0.15000000596046448,0.0,0.019999999552965164,goal_sequence,True,True,True,S18,True
1,21,1,1,2,0,1,2,1,14,39,0,0.028501171618700027,0.01825006678700447,0.42090657353401184,False,0,-0.42090657353401184,False,-0.2520417273044586,-2.3790314571670024e-06,0.17885632812976837,0.12457607686519623,0.00021660381753463298,0.4847911298274994,-0.24597804248332977,0.0056295087561011314,0.16259045898914337,0.008273092098534107,0.14940939843654633,-0.00643999595195055,0.2157444804906845,0.02622310072183609,0.6086900234222412,0.15000000596046448,0.0,0.019999999552965164,0.0,0.0,1.0,-1.0,-0.0001306734674387951,-0.3384539858049599,0.0001531700262124105,-2.8646576432705606,1.962100020746651e-05,2.518055500644073,0.785345865903607,0.00010267588436406461,-1.3843068228703248,-3.500266131418886e-05,0.21353464450185308,0.004059897256911735,-0.8948880117320209,-0.00013117145791198635,LIFT_OBJECT,OBJECT_DELIVERY_SEQUENCE,target,box,0.04,0.04,0.04,1.0,0.1,0.2,0.9,1.0,-0.25,0.0,0.02,0.155,0.001,-0.24597804486506392,0.0056295086910855335,0.1625904604591662,1.1,0.7,0.4,-0.3,3.0,0.001,ee,False,-0.6,0.0,0.05,goal_sequence,target,0.15000000596046448,0.0,0.019999999552965164,goal_sequence,True,True,True,S18,True
1,22,1,1,2,0,1,2,1,14,38,0,0.028264617547392845,0.015474853105843067,0.4110020101070404,False,0,-0.4110020101070404,False,-0.24351294338703156,2.672076789167477e-06,0.17245152592658997,-0.34360113739967346,-0.0004889940610155463,-0.9170154929161072,-0.2362384796142578,0.006362001411616802,0.1603638380765915,-0.04900628700852394,-0.041231948882341385,-0.004494274966418743,-0.11816009879112244,-0.009690909646451473,-0.6817187070846558,0.15000000596046448,0.0,0.019999999552965164,0.0,0.0,-1.0,-1.0,-0.00012498796989949393,-0.31315047456456596,0.00013095806598677158,-2.8997812493968453,0.00038798984153567566,2.654643759213795,0.7853474574647258,3.838257673809608e-05,2.5576133089904265,-0.0003783834276997125,-0.3018943337976302,-0.017703216338288787,1.050197642746396,-0.00037596643208051474,LIFT_OBJECT,OBJECT_DELIVERY_SEQUENCE,target,box,0.04,0.04,0.04,1.0,0.1,0.2,0.9,1.0,-0.25,0.0,0.02,0.155,0.001,-0.23623847332479478,0.006362001230188575,0.16036383557376627,1.1,0.7,0.4,-0.3,3.0,0.001,ee,False,-0.6,0.0,0.05,goal_sequence,target,0.15000000596046448,0.0,0.019999999552965164,goal_sequence,True,True,True,S18,True
1,23,1,1,2,0,1,2,1,10,38,0,0.028484497219324112,0.016230499371886253,0.40026599168777466,False,0,-0.40026596188545227,False,-0.24143095314502716,-1.9264922229922377e-05,0.14205491542816162,0.8954700231552124,0.0001661270798649639,-0.23427890241146088,-0.2350781261920929,0.007194072473794222,0.1289767473936081,-0.032254982739686966,-0.06904160231351852,0.001050504855811596,0.5846604108810425,0.012583013623952866,-0.4836280941963196,0.15000000596046448,0.0,0.019999999552965164,1.0,-6.790314728277735e-06,0.0,-1.0,-0.00019684165461135558,-0.15197250324408576,0.00018428927614529806,-2.795191126402358,-0.00019712122499953238,2.5625637880834224,0.7853498391508315,-0.0005550950436218063,3.5529908050161687,-0.0012218973217431371,3.350546401300739,0.01497634854368551,-0.7079857852548805,0.00016818829977482833,TRANSPORT_OBJECT,OBJECT_DELIVERY_SEQUENCE,target,box,0.04,0.04,0.04,1.0,0.1,0.2,0.9,1.0,-0.25,0.0,0.02,0.155,0.001,-0.23507812113132961,0.007194072491312585,0.1289767403046807,1.1,0.7,0.4,-0.3,3.0,0.001,ee,False,-0.6,0.0,0.05,goal_sequence,target,0.15000000596046448,0.0,0.019999999552965164,goal_sequence,True,True,True,S22,True
1,24,1,1,3,0,1,2,1,10,35,0,0.03347192332148552,0.018470367416739464,0.3707751929759979,False,0,-0.3707751929759979,False,-0.20469772815704346,-4.787139914697036e-05,0.14269289374351501,0.40552279353141785,0.00013645731087308377,0.24265792965888977,-0.20516477525234222,0.008136709220707417,0.1261414885520935,-0.007094061933457851,-0.00637430977076292,-0.008482073433697224,0.4138658046722412,0.02133241295814514,0.24421809613704681,0.15000000596046448,0.0,0.019999999552965164,0.9969984292984009,4.906892718281597e-05,0.07742200046777725,-1.0,-0.00017734321450494655,-0.08076392243433873,5.977798908785953e-05,-2.722018111548813,-1.2669998962517212e-06,2.616728661905918,0.7853504889423133,0.00014524769849531827,0.002184101209499939,0.00021896186971469452,0.6185398102029127,0.0013829812160434697,0.4161034698841899,-0.000425128500708076,TRANSPORT_OBJECT,OBJECT_DELIVERY_SEQUENCE,target,box,0.04,0.04,0.04,1.0,0.1,0.2,0.9,1.0,-0.25,0.0,0.02,0.155,0.001,-0.20516478085794101,0.00813670944180884,0.1261414820488515,1.1,0.7,0.4,-0.3,3.0,0.001,ee,False,-0.6,0.0,0.05,goal_sequence,target,0.15000000596046448,0.0,0.019999999552965164,goal_sequence,True,True,True,S22,True
1,25,1,1,3,0,1,2,1,10,32,0,0.03565270081162453,0.019001878798007965,0.34021690487861633,False,0,-0.34021690487861633,False,-0.17113904654979706,-8.235218410845846e-05,0.14562486112117767,0.5479443669319153,-0.0010784314945340157,0.1353522688150406,-0.17216473817825317,0.009021301753818989,0.12897725403308868,-0.002016280544921756,0.005446219351142645,0.0040041664615273476,0.6009830832481384,0.02446034550666809,0.12051919102668762,0.15000000596046448,0.0,0.019999999552965164,0.9964990019798279,0.00013449141988530755,0.08360482007265091,-1.0,-0.0001642475680991113,-0.007540937731428229,-3.249150103640373e-05,-2.623844259344769,1.1248993642528116e-06,2.606431819383454,0.7853264477629592,9.621998436978169e-05,0.8315795584217943,-0.00235600939011094,1.4301220634239604,2.450023154369936e-05,-0.0797750725065119,-0.00046770109191827947,TRANSPORT_OBJECT,OBJECT_DELIVERY_SEQUENCE,target,box,0.04,0.04,0.04,1.0,0.1,0.2,0.9,1.0,-0.25,0.0,0.02,0.155,0.001,-0.17216473139650768,0.009021301540846603,0.1289772571378983,1.1,0.7,0.4,-0.3,3.0,0.001,ee,False,-0.6,0.0,0.05,goal_sequence,target,0.15000000596046448,0.0,0.019999999552965164,goal_sequence,True,True,True,S22,True
1,26,1,1,3,0,1,2,1,10,28,0,0.03722526133060455,0.019696861505508423,0.30876338481903076,False,0,-0.30876338481903076,False,-0.13720782101154327,-0.00012686531408689916,0.14617876708507538,0.463954895734787,-0.0008523075957782567,0.1064831018447876,-0.13862909376621246,0.00981188751757145,0.1292327493429184,0.001250961096957326,0.024366823956370354,0.0033083322923630476,0.5001983046531677,0.020429184660315514,0.0994398295879364,0.15000000596046448,0.0,0.019999999552965164,0.9965289831161499,0.00025554769672453403,0.08324599266052246,-1.0,-0.00014215626964355648,0.07320026131018714,-0.0001317469820386123,-2.5131782658810855,2.021376170465747e-06,2.576056094486881,0.7852688122890326,0.00018386736923650324,0.7430477300415415,-0.0016683001545681874,1.3152937354511158,-0.00010140633714011277,-0.23244360029940894,0.0002041336406165828,TRANSPORT_OBJECT,OBJECT_DELIVERY_SEQUENCE,target,box,0.04,0.04,0.04,1.0,0.1,0.2,0.9,1.0,-0.25,0.0,0.02,0.155,0.001,-0.13862909747714378,0.009811887664453497,0.12923274232507767,1.1,0.7,0.4,-0.3,3.0,0.001,ee,False,-0.6,0.0,0.05,goal_sequence,target,0.15000000596046448,0.0,0.019999999552965164,goal_sequence,True,True,True,S22,True
1,27,1,1,3,0,1,2,1,10,25,0,0.0371001772582531,0.020674556493759155,0.2791423499584198,False,0,-0.2791423797607422,False,-0.10419616103172302,-0.0001685100287431851,0.1455310583114624,0.44985008239746094,-0.0008841780945658684,0.06176270544528961,-0.10710830986499786,0.010680537670850754,0.12817436456680298,-0.002480738563463092,0.08712358772754669,0.004652784205973148,0.46827319264411926,0.01947389356791973,0.047481562942266464,0.15000000596046448,0.0,0.019999999552965164,0.9958420395851135,0.0004398828896228224,0.09109606593847275,-1.0,-0.00011800763237792496,0.1535540911257876,-0.0002169121249017048,-2.400733793518688,2.185729037991914e-05,2.541979432092136,0.7851925652807394,0.00018071633013494633,0.8338646426040259,-0.0015677494281976234,1.3590501385868814,0.00012688897480909664,-0.2620325380066847,-0.0008532792618851665,TRANSPORT_OBJECT,OBJECT_DELIVERY_SEQUENCE,target,box,0.04,0.04,0.04,1.0,0.1,0.2,0.9,1.0,-0.25,0.0,0.02,0.155,0.001,-0.10710831171084116,0.01068053792591991,0.1281743574125238,1.1,0.7,0.4,-0.3,3.0,0.001,ee,False,-0.6,0.0,0.05,goal_sequence,target,0.15000000596046448,0.0,0.019999999552965164,goal_sequence,True,True,True,S22,True
1,28,1,1,3,0,1,2,1,10,22,0,0.03613702207803726,0.021333852782845497,0.25044867396354675,False,0,-0.25044867396354675,False,-0.07169292122125626,-0.00020408064301591367,0.14470389485359192,0.43949878215789795,-0.0009405739256180823,0.07378534972667694,-0.07595901936292648,0.011519559659063816,0.12739811837673187,-0.00918621476739645,0.11848603188991547,-0.004593128804117441,0.48122602701187134,0.0198421198874712,0.04886631667613983,0.15000000596046448,0.0,0.019999999552965164,0.994438648223877,0.0006592266145162284,0.10531532764434814,-1.0,-9.367931920306381e-05,0.231494525281513,-0.0002857027982198896,-2.286991682722046,5.6312647353442294e-05,2.50579981056799,0.785123360681833,0.0001825172150134416,0.7774397291749449,-0.0015929575698674587,1.3528449435707506,0.00035875103762171047,-0.2782483603088982,-0.000293846875118426,TRANSPORT_OBJECT,OBJECT_DELIVERY_SEQUENCE,target,box,0.04,0.04,0.04,1.0,0.1,0.2,0.9,1.0,-0.25,0.0,0.02,0.155,0.001,-0.07595902290328159,0.011519559675515996,0.12739811415904526,1.1,0.7,0.4,-0.3,3.0,0.001,ee,False,-0.6,0.0,0.05,goal_sequence,target,0.15000000596046448,0.0,0.019999999552965164,goal_sequence,True,True,True,S22,True
1,29,1,1,3,0,1,2,1,10,19,0,0.03618123009800911,0.022502869367599487,0.2225819230079651,False,0,-0.2225819230079651,False,-0.039836522191762924,-0.00022901703778188676,0.1440860480070114,0.40954211354255676,-0.0003937732835765928,0.05426906421780586,-0.045228976756334305,0.012306233868002892,0.12619280815124512,0.005014915484935045,0.1300227791070938,0.0025531931314617395,0.5150803923606873,0.02672148495912552,0.03126291558146477,0.15000000596046448,0.0,0.019999999552965164,0.9922575950622559,0.0009134282008744776,0.12419339269399643,-1.0,-6.730446510043786e-05,0.3076441660121159,-0.0003352005125888515,-2.1710147354115454,9.903656153050445e-05,2.4660291699512595,0.7850719367517807,0.0002102283163456244,0.7777162162828932,-0.0006674138570543862,1.3367302516269821,0.0004935862540818813,-0.3060145308838242,-5.095014924650157e-06,TRANSPORT_OBJECT,OBJECT_DELIVERY_SEQUENCE,target,box,0.04,0.04,0.04,1.0,0.1,0.2,0.9,1.0,-0.25,0.0,0.02,0.155,0.001,-0.045228975962637905,0.01230623416266023,0.12619281056659518,1.1,0.7,0.4,-0.3,3.0,0.001,ee,False,-0.6,0.0,0.05,goal_sequence,target,0.15000000596046448,0.0,0.019999999552965164,goal_sequence,True,True,True,S22,True
1,30,1,1,3,0,1,2,1,10,16,0,0.03701625019311905,0.02348228357732296,0.196912944316864,False,0,-0.1969129592180252,False,-0.00924306083470583,-0.0002401677775196731,0.1429847925901413,0.37844985723495483,-5.152275480213575e-05,0.033209554851055145,-0.016100477427244186,0.013133522123098373,0.1249421238899231,0.002780526177957654,0.14924931526184082,0.0075463466346263885,0.4306008219718933,0.015782667323946953,0.01722993701696396,0.15000000596046448,0.0,0.019999999552965164,0.9890195727348328,0.0011931441258639097,0.14777977764606476,-1.0,-3.650491733465122e-05,0.38352141138641016,-0.0003691386869044465,-2.052789538755873,0.0001367479653207221,2.422289508314533,0.7850371321975139,0.00020447508320456734,0.7839055474413932,-0.00010730269450207703,1.3247370229207396,0.00014109953208386004,-0.3358331911360645,-0.0006913985719092033,TRANSPORT_OBJECT,OBJECT_DELIVERY_SEQUENCE,target,box,0.04,0.04,0.04,1.0,0.1,0.2,0.9,1.0,-0.25,0.0,0.02,0.155,0.001,-0.016100477021245906,0.013133521882591183,0.12494212746066051,1.1,0.7,0.4,-0.3,3.0,0.001,ee,False,-0.6,0.0,0.05,goal_sequence,target,0.15000000596046448,0.0,0.019999999552965164,goal_sequence,True,True,True,S22,True
1,31,1,1,3,0,1,2,1,10,13,0,0.03722580522298813,0.024399438872933388,0.17386072874069214,False,0,-0.17386072874069214,False,0.019940394908189774,-0.00023909518495202065,0.1424921602010727,0.3630397319793701,-0.00021545150957535952,0.057278599590063095,0.01172491442412138,0.013996073976159096,0.12445890158414841,-0.008246788755059242,0.19792670011520386,0.006987493950873613,0.377332478761673,0.022308485582470894,0.0404072143137455,0.15000000596046448,0.0,0.019999999552965164,0.9833060503005981,0.0014830060536041856,0.1819533258676529,-1.0,1.8349338364593476e-06,0.45662375309598713,-0.0003978925680002371,-1.9339265992915897,0.00017253330419649115,2.376162911352615,0.7850261122058154,0.00026427541524117154,0.7228312248454111,-0.0004844302441442663,1.3163994457802983,9.083278282888754e-05,-0.35394615358840664,-0.0002971489773255353,TRANSPORT_OBJECT,OBJECT_DELIVERY_SEQUENCE,target,box,0.04,0.04,0.04,1.0,0.1,0.2,0.9,1.0,-0.25,0.0,0.02,0.155,0.001,0.011724914803875346,0.013996073960863395,0.12445890145202239,1.1,0.7,0.4,-0.3,3.0,0.001,ee,False,-0.6,0.0,0.05,goal_sequence,target,0.15000000596046448,0.0,0.019999999552965164,goal_sequence,True,True,True,S22,True
1,32,1,1,3,0,1,2,1,10,11,0,0.03698534891009331,0.025820113718509674,0.1549159586429596,False,0,-0.1549159586429596,False,0.047474946826696396,-0.00022387789795175195,0.1427622139453888,0.32520565390586853,0.00025095100863836706,0.05746467411518097,0.036782700568437576,0.014809553511440754,0.12469705194234848,-0.00636318139731884,0.2347641885280609,0.0020475750789046288,0.3288915157318115,0.02100655436515808,0.053266361355781555,0.15000000596046448,0.0,0.019999999552965164,0.9744788408279419,0.001791433896869421,0.22447216510772705,-1.0,5.044529029066131e-05,0.5274255660656663,-0.0004201408461089322,-1.81425605475456,0.00020705162408545056,2.326945363494621,0.7850368782126624,0.00040842112348199466,0.6797718026965138,-3.944572109894118e-05,1.269397892922673,0.00041632278268909084,-0.37899206238886773,5.810113526624923e-05,TRANSPORT_OBJECT,OBJECT_DELIVERY_SEQUENCE,target,box,0.04,0.04,0.04,1.0,0.1,0.2,0.9,1.0,-0.25,0.0,0.02,0.155,0.001,0.036782701677666625,0.01480955323295255,0.12469705499284629,1.1,0.7,0.4,-0.3,3.0,0.001,ee,False,-0.6,0.0,0.05,goal_sequence,target,0.15000000596046448,0.0,0.019999999552965164,goal_sequence,True,True,True,S22,True
1,33,1,1,3,0,1,2,1,10,9,0,0.03653019666671753,0.02746584825217724,0.13980095088481903,False,0,-0.13980095088481903,False,0.07302827388048172,-0.00020396716718096286,0.14515496790409088,0.3098551034927368,0.000631301780231297,0.11922241002321243,0.06060130149126053,0.015499602071940899,0.12635760009288788,-0.0013441024348139763,0.2304418534040451,0.002518068766221404,0.3427650034427643,0.018088312819600105,0.08141940087080002,0.15000000596046448,0.0,0.019999999552965164,0.9605346322059631,0.002097462536767125,0.27815255522727966,-1.0,0.00011008904294284001,0.592982640294751,-0.00045477615895144315,-1.6954644893193298,0.00023767175858149727,2.2748045538778006,0.7850703471970717,0.0004390854878266095,0.561246963848955,0.0004311214728474665,1.2400925631995454,0.0002507047531853622,-0.4004222891946665,0.0005187135690276571,TRANSPORT_OBJECT,OBJECT_DELIVERY_SEQUENCE,target,box,0.04,0.04,0.04,1.0,0.1,0.2,0.9,1.0,-0.25,0.0,0.02,0.155,0.001,0.06060130235562613,0.015499602026790477,0.12635759972562438,1.1,0.7,0.4,-0.3,3.0,0.001,ee,False,-0.6,0.0,0.05,goal_sequence,target,0.15000000596046448,0.0,0.019999999552965164,goal_sequence,True,True,True,S22,True
1,34,1,1,3,0,1,2,1,11,6,0,0.035992857068777084,0.027895335108041763,0.1305592805147171,False,0,-0.1305592805147171,False,0.09642211347818375,-0.00014440789527725428,0.15005967020988464,0.27591264247894287,0.0008238801383413374,0.1664123833179474,0.08196012675762177,0.013638174161314964,0.13059069216251373,-0.0020148353651165962,0.23148299753665924,-0.0021682833321392536,0.2890121042728424,-0.06362316012382507,0.1579543799161911,0.15000000596046448,0.0,0.019999999552965164,0.942486584186554,0.0024974923580884933,0.33423471450805664,-1.0,0.00017985957854929833,0.6533090859638454,-0.00045081107257958505,-1.577798736482125,0.0002713457834410176,2.219374309150863,0.7851186663959058,0.000550542358916525,0.44543120457673924,0.0005020270014933948,1.168721296123652,0.00027393709508507884,-0.42683772317556967,-0.00013883317688381282,TRANSPORT_OBJECT,OBJECT_DELIVERY_SEQUENCE,target,box,0.04,0.04,0.04,1.0,0.1,0.2,0.9,1.0,-0.25,0.0,0.02,0.155,0.001,0.0819601286662416,0.013638173751857566,0.1305906874386098,1.1,0.7,0.4,-0.3,3.0,0.001,ee,False,-0.6,0.0,0.05,goal_sequence,target,0.15000000596046448,0.0,0.019999999552965164,goal_sequence,True,True,True,S22,True
1,35,1,1,3,0,1,2,1,11,4,0,0.036856699734926224,0.027957720682024956,0.12775912880897522,False,0,-0.12775912880897522,False,0.11751255393028259,-7.144326082197949e-05,0.1588246375322342,0.26059412956237793,0.0007976365159265697,0.26708173751831055,0.10251814126968384,0.011174876242876053,0.138080433011055,0.009971060790121555,0.1700950562953949,-0.004314156249165535,0.30990737676620483,-0.0620737262070179,0.23349304497241974,0.15000000596046448,0.0,0.019999999552965164,0.9226595163345337,0.0024868338368833065,0.38560768961906433,-1.0,0.00025627034883532685,0.705950340545693,-0.00044142635662044,-1.4626661889801118,0.00029158948915458183,2.161124525657585,0.7851958674146406,0.0005887340655837874,0.27545253403823045,0.00034576244097883147,1.1188978992976242,0.00020209108435136416,-0.4479323351016475,0.0006737489548818316,TRANSPORT_OBJECT,OBJECT_DELIVERY_SEQUENCE,target,box,0.04,0.04,0.04,1.0,0.1,0.2,0.9,1.0,-0.25,0.0,0.02,0.155,0.001,0.10251813824045784,0.011174876184367018,0.13808042829524747,1.1,0.7,0.4,-0.3,3.0,0.001,ee,False,-0.6,0.0,0.05,goal_sequence,target,0.15000000596046448,0.0,0.019999999552965164,goal_sequence,True,True,True,S22,True
1,36,1,1,1,0,1,2,1,12,2,0,0.013280934654176235,0.03106284886598587,0.1286618411540985,False,0,-0.1286618411540985,False,0.1368301659822464,-8.960353625298012e-06,0.17151448130607605,0.21523641049861908,0.0027424043510109186,0.24856248497962952,0.12451160699129105,0.011799851432442665,0.14555864036083221,-0.23214681446552277,0.1625254899263382,0.15476414561271667,0.5504933595657349,0.09891396760940552,-0.06399254500865936,0.15000000596046448,0.0,0.019999999552965164,0.9221609830856323,0.002027926966547966,0.3868010342121124,-1.0,0.00031319360422103813,0.7530198054635137,-0.0004265889880121038,-1.3482986302650002,0.0003040471480454462,2.1013718856846273,0.7852723636538774,0.00031443201904258534,0.2726649898499359,0.0036307144389801063,1.0633237185427677,0.00010198800166628594,-0.45938508017105767,0.000673997998019784,TRANSPORT_OBJECT,OBJECT_DELIVERY_SEQUENCE,target,box,0.04,0.04,0.04,1.0,0.1,0.2,0.9,1.0,-0.25,0.0,0.02,0.155,0.001,0.12451160710568086,0.011799851252538749,0.14555864148079453,1.1,0.7,0.4,-0.3,3.0,0.001,ee,False,-0.6,0.0,0.05,goal_sequence,target,0.15000000596046448,0.0,0.019999999552965164,goal_sequence,True,True,True,S22,True
1,37,1,1,0,1,1,0,1,11,1,0,0.0016146684065461159,0.04359256476163864,0.11436206847429276,False,0,-0.11436206847429276,False,0.1550706923007965,1.747292117215693e-05,0.17329120635986328,0.13889876008033752,-3.076954453717917e-05,-0.07258830219507217,0.1463458389043808,0.015040125697851181,0.13330985605716705,-0.5978248119354248,0.2365572452545166,0.34349000453948975,0.5448505282402039,0.07481875270605087,-0.5032801628112793,0.15000000596046448,0.0,0.019999999552965164,0.9974781274795532,0.0006786535959690809,0.07097095996141434,-1.0,0.00029778483641149984,0.819654903378028,-0.000403232505548927,-1.2300811553985898,0.0003238786694024257,2.0557060582365914,0.7852786907477544,-0.00011013052232110168,0.6906996455846542,-0.00014808342340457076,1.0264755476681293,0.00014206367536534308,-0.35112808159135495,4.8429674537333114e-05,TRANSPORT_OBJECT,OBJECT_DELIVERY_SEQUENCE,target,box,0.04,0.04,0.04,1.0,0.1,0.2,0.9,1.0,-0.25,0.0,0.02,0.155,0.001,0.14634584305964132,0.015040125735996515,0.13330986157407526,1.1,0.7,0.4,-0.3,3.0,0.001,ee,False,-0.6,0.0,0.05,goal_sequence,target,0.15000000596046448,0.0,0.019999999552965164,goal_sequence,True,True,True,S22,True
1,38,1,1,0,4,1,0,1,8,2,0,0.00019627118308562785,0.07036695629358292,0.0887354165315628,False,0,-0.0887354165315628,False,0.13683953881263733,-0.00014208321226760745,0.16534054279327393,-0.20308427512645721,-0.000974335300270468,0.07122074067592621,0.1681062877178192,0.018028264865279198,0.10497716069221497,-0.9099854230880737,0.3672931492328644,0.4946467876434326,0.5432106256484985,0.07459356635808945,-0.8935883641242981,0.15000000596046448,0.0,0.019999999552965164,-0.9865590333938599,-0.0033995492849498987,-0.1633700430393219,-1.0,0.00013064451740788782,0.7626003196013184,-0.00044407070474212877,-1.3476017322501614,0.00034522045361802626,2.1037827901566364,0.7850370785755096,-0.001278459153437993,-0.8239924481140357,6.282406591410139e-05,-1.237988554518156,0.00022517121731708417,0.36966506465879484,-0.0018577729041013846,TRANSPORT_OBJECT,OBJECT_DELIVERY_SEQUENCE,target,box,0.04,0.04,0.04,1.0,0.1,0.2,0.9,1.0,-0.25,0.0,0.02,0.155,0.001,0.1681062857250619,0.018028264864063226,0.10497715811214486,1.1,0.7,0.4,-0.3,3.0,0.001,ee,False,-0.6,0.0,0.05,goal_sequence,target,0.15000000596046448,0.0,0.019999999552965164,goal_sequence,True,True,True,S22,True
1,39,1,1,0,9,1,0,1,4,4,0,2.382984894211404e-05,0.12324060499668121,0.06092176213860512,False,0,-0.06092176213860512,False,0.15007933974266052,0.00025113997980952263,0.17587171494960785,0.23228389024734497,0.0031926208175718784,0.35556280612945557,0.18979540467262268,0.021006610244512558,0.061067134141922,-1.2142807245254517,0.5326786637306213,0.6015000343322754,0.5412927269935608,0.07433019578456879,-1.2821568250656128,0.15000000596046448,0.0,0.019999999552965164,0.8797449469566345,0.009497914463281631,0.4753510355949402,-1.0,0.0005971161636805443,0.805732441551225,-0.0003690944195181609,-1.2424090623588107,0.0002874528484548327,2.041006195988083,0.7856138972727729,0.003588292057503901,0.18396450680905424,0.0005231536691668345,1.1506966884550067,-0.00039692088249127823,-0.482693119428565,0.0044343648737898995,TRANSPORT_OBJECT,OBJECT_DELIVERY_SEQUENCE,target,box,0.04,0.04,0.04,1.0,0.1,0.2,0.9,1.0,-0.25,0.0,0.02,0.155,0.001,0.1897954083026185,0.02100661033358906,0.06106713415936618,1.1,0.7,0.4,-0.3,3.0,0.001,ee,False,-0.6,0.0,0.05,goal_sequence,target,0.15000000596046448,0.0,0.019999999552965164,goal_sequence,True,True,True,S22,True
1,40,1,1,0,13,1,0,1,0,6,0,2.884526566049317e-06,0.15915371477603912,0.06175103411078453,False,0,-0.06175103411078453,False,0.151474267244339,0.00024805357679724693,0.1762811243534088,0.0008187987841665745,-0.00014820411161053926,-0.01540520042181015,0.2036948949098587,0.029212983325123787,0.02875504083931446,-1.6598023176193237,0.7850475311279297,0.46159282326698303,0.15261203050613403,0.2444092333316803,0.12063568830490112,0.15000000596046448,0.0,0.019999999552965164,0.0,0.0,0.0,-1.0,0.0005866330774901613,0.8050426207176397,-0.00037376416876488787,-1.2459445775191034,0.00029703482144252517,2.0501479015866404,0.7855953121601014,-7.504536466672882e-05,0.0015385947307236456,-0.00015156596938264034,-0.04377678800949439,7.836777787951707e-05,0.0702913056775863,-0.00014290223220303488,TRANSPORT_OBJECT,OBJECT_DELIVERY_SEQUENCE,target,box,0.04,0.04,0.04,1.0,0.1,0.2,0.9,1.0,-0.25,0.0,0.02,0.155,0.001,0.2036948936922825,0.029212983103571025,0.028755041385483276,1.1,0.7,0.4,-0.3,3.0,0.001,ee,False,-0.6,0.0,0.05,goal_sequence,target,0.15000000596046448,0.0,0.019999999552965164,goal_sequence,True,True,True,S22,True
1,41,1,1,0,13,1,0,1,0,7,0,3.2294619245476497e-07,0.1569124311208725,0.07234568893909454,False,0,-0.07234568893909454,False,0.15187206864356995,0.00024211162235587835,0.16992692649364471,0.0013312940718606114,-7.685388118261471e-05,-0.05585459619760513,0.21103312075138092,0.037665531039237976,0.029495570808649063,-1.978968858718872,1.1111661195755005,0.20191097259521484,0.2181015908718109,0.18447184562683105,-0.06653953343629837,0.15000000596046448,0.0,0.019999999552965164,0.0,0.0,-0.15000000596046448,-1.0,0.000583273005562475,0.8137010944329411,-0.00037922876834936206,-1.2479387431862528,0.0003039215134744929,2.061554163711108,0.7855858912169467,-2.1578408261157915e-06,0.07475565371581025,-0.00013503982301093717,-0.01582112099173444,0.00012302121453964393,0.08771718408963222,-7.389274598867956e-05,PLACE_OBJECT,OBJECT_DELIVERY_SEQUENCE,target,box,0.04,0.04,0.04,1.0,0.1,0.2,0.9,1.0,-0.25,0.0,0.02,0.155,0.001,0.21103311606438893,0.037665530777260196,0.029495571467891224,1.1,0.7,0.4,-0.3,3.0,0.001,ee,False,-0.6,0.0,0.05,goal_sequence,target,0.15000000596046448,0.0,0.019999999552965164,goal_sequence,True,True,True,ERR_23,False
1,42,1,1,0,13,1,0,1,0,8,0,1.1955225431847794e-07,0.16290919482707977,0.083796426653862,False,0,-0.083796426653862,False,0.15210498869419098,0.00023627906921319664,0.16343574225902557,0.0014767873799428344,-6.780563853681087e-05,-0.049648184329271317,0.22117961943149567,0.044143471866846085,0.02258029766380787,3.0289065837860107,1.4285074472427368,-1.0335901975631714,0.2564667761325836,0.051034115254879,-0.08731880784034729,0.15000000596046448,0.0,0.019999999552965164,0.0,0.0,-0.15000000596046448,-1.0,0.0005786424355255461,0.8225815551997444,-0.00038333658545152945,-1.24948081075189,0.00031156268982993475,2.071968935799903,0.7855743242358133,-1.0428220164931034e-05,0.06774950878411343,-0.0001127647390174076,-0.012357630249740275,0.0001280013240707173,0.08007954507607132,-8.815802245241283e-05,PLACE_OBJECT,OBJECT_DELIVERY_SEQUENCE,target,box,0.04,0.04,0.04,1.0,0.1,0.2,0.9,1.0,-0.25,0.0,0.02,0.155,0.001,0.2211796120145641,0.04414347370776936,0.022580297925882346,1.1,0.7,0.4,-0.3,3.0,0.001,ee,False,-0.6,0.0,0.05,goal_sequence,target,0.15000000596046448,0.0,0.019999999552965164,goal_sequence,True,True,True,ERR_23,False
1,43,1,1,0,13,1,0,1,0,8,0,8.943582230358516e-08,0.1627657413482666,0.0899234190583229,False,0,-0.0899234190583229,False,0.15229949355125427,0.00023070498718880117,0.15692876279354095,0.0013360667508095503,-7.224015280371532e-05,-0.049069032073020935,0.227754607796669,0.04517113044857979,0.019890187308192253,0.0,1.5707963705062866,2.2050702571868896,0.04895719885826111,0.008432205766439438,0.004338552244007587,0.15000000596046448,0.0,0.019999999552965164,0.0,0.0,-0.15000000596046448,-1.0,0.0005737704460106959,0.8315980471527863,-0.0003866874881436558,-1.2508542239859703,0.00031906027864350207,2.082351697433372,0.7855627369855279,-6.628886737734298e-06,0.06768214910893582,-0.0001268954619379789,-0.011172925740544522,0.0001434479855989164,0.07983331057225847,-8.807597345978843e-05,PLACE_OBJECT,OBJECT_DELIVERY_SEQUENCE,target,box,0.04,0.04,0.04,1.0,0.1,0.2,0.9,1.0,-0.25,0.0,0.02,0.155,0.001,0.22775460437986986,0.045171129372092576,0.019890187561324622,1.1,0.7,0.4,-0.3,3.0,0.001,ee,False,-0.6,0.0,0.05,goal_sequence,target,0.15000000596046448,0.0,0.019999999552965164,goal_sequence,True,True,True,ERR_23,False
1,44,1,1,0,13,1,0,1,0,9,0,9.002530276802645e-08,0.15729425847530365,0.09013744443655014,False,0,-0.09013744443655014,False,0.15245482325553894,0.00022530135174747556,0.15040864050388336,0.001187034766189754,-7.230782648548484e-05,-0.04858303815126419,0.2279789000749588,0.045211173593997955,0.019971419125795364,0.0,1.5707963705062866,-4.078163146972656,-3.311006730655208e-05,4.166584039921872e-05,0.0008237246656790376,0.15000000596046448,0.0,0.019999999552965164,0.0,0.0,-0.15000000596046448,-1.0,0.0005689511049915636,0.8407320932686019,-0.0003897468008689738,-1.2520558179924168,0.00032653987168327324,2.0926838497314817,0.7855515986571756,-6.66672617568784e-06,0.06781178901501944,-0.00012609994994408277,-0.009842344862625942,0.000143085490629552,0.07944416737239696,-8.458906009428321e-05,PLACE_OBJECT,OBJECT_DELIVERY_SEQUENCE,target,box,0.04,0.04,0.04,1.0,0.1,0.2,0.9,1.0,-0.25,0.0,0.02,0.155,0.001,0.22797889705476487,0.045211172864035816,0.01997141831235509,1.1,0.7,0.4,-0.3,3.0,0.001,ee,False,-0.6,0.0,0.05,goal_sequence,target,0.15000000596046448,0.0,0.019999999552965164,goal_sequence,True,True,True,ERR_23,False
1,45,1,1,0,12,1,0,1,0,9,0,9.07090225155116e-08,0.15185271203517914,0.09013727307319641,False,0,-0.09013727307319641,False,0.15257039666175842,0.00022003837511874735,0.14387637376785278,0.0010385109344497323,-7.087334233801812e-05,-0.04810808598995209,0.22797827422618866,0.04521191865205765,0.019986789673566818,0.0,1.5707963705062866,-4.078161239624023,-6.174565896799322e-06,6.61816284264205e-06,0.00015544095367658883,0.15000000596046448,0.0,0.019999999552965164,0.0,0.0,-0.15000000596046448,-1.0,0.0005641846298675916,0.8499827534581749,-0.0003925605227988586,-1.2530833137402386,0.0003339380979873476,2.1029594636669025,0.785540770444823,-6.776540362416817e-06,0.06796093182819923,-0.0001228236078165603,-0.008494542600079945,0.00014235925950578654,0.07900944571670138,-8.219184728425373e-05,PLACE_OBJECT,OBJECT_DELIVERY_SEQUENCE,target,box,0.04,0.04,0.04,1.0,0.1,0.2,0.9,1.0,-0.25,0.0,0.02,0.155,0.001,0.22797827976391039,0.04521191771424825,0.019986789422959547,1.1,0.7,0.4,-0.3,3.0,0.001,ee,False,-0.6,0.0,0.05,goal_sequence,target,0.15000000596046448,0.0,0.019999999552965164,goal_sequence,True,True,True,ERR_23,False
1,46,1,1,0,12,1,0,1,0,9,0,9.040515180913644e-08,0.14652740955352783,0.0901385024189949,False,0,-0.0901385024189949,False,0.15264683961868286,0.00021491241932380944,0.13733698427677155,0.000847955874633044,-6.955113349249586e-05,-0.04784328117966652,0.2279796153306961,0.04521205648779869,0.01998916082084179,0.0,1.5707963705062866,-4.078219890594482,9.76660885498859e-06,-1.2701088053290732e-05,1.3042955288256053e-05,0.15000000596046448,0.0,0.019999999552965164,0.0,0.0,-0.15000000596046448,-1.0,0.0005594654673391511,0.8593438598573645,-0.000395141129199654,-1.2539361025404536,0.000341272193723226,2.113175850534031,0.7855301930214049,-7.779757063896674e-06,0.06840920964158678,-0.00011861277295348673,-0.0071091790211168515,0.00014134018129399392,0.07855410338892121,-8.025836157244358e-05,PLACE_OBJECT,OBJECT_DELIVERY_SEQUENCE,target,box,0.04,0.04,0.04,1.0,0.1,0.2,0.9,1.0,-0.25,0.0,0.02,0.155,0.001,0.22797961488060706,0.04521205794147921,0.019989159895319606,1.1,0.7,0.4,-0.3,3.0,0.001,ee,False,-0.6,0.0,0.05,goal_sequence,target,0.15000000596046448,0.0,0.019999999552965164,goal_sequence,True,True,True,ERR_23,False
1,47,1,1,0,11,1,0,1,0,9,0,9.07665054228346e-08,0.14135099947452545,0.0901385098695755,False,0,-0.0901385098695755,False,0.15268635749816895,0.000209973833989352,0.13083094358444214,0.0006153553258627653,-6.864908209536225e-05,-0.04745372384786606,0.22797977924346924,0.0452117919921875,0.019989416003227234,0.0,1.5707963705062866,-4.078218936920166,1.7545019090903224e-06,-3.6208600704412675e-06,2.5813610591285396e-06,0.15000000596046448,0.0,0.019999999552965164,0.0,0.0,-0.15000000596046448,-1.0,0.0005548072609031586,0.8687781812646813,-0.00039743830302217036,-1.254565616570468,0.0003484809193919956,2.1232298847083806,0.7855199352399458,-6.598019976135133e-06,0.06877996515780832,-0.00011806699473068823,-0.005424071723897188,0.00014171382315283573,0.07730572205252584,-7.779028817802083e-05,PLACE_OBJECT,OBJECT_DELIVERY_SEQUENCE,target,box,0.04,0.04,0.04,1.0,0.1,0.2,0.9,1.0,-0.25,0.0,0.02,0.155,0.001,0.22797977574694547,0.045211790497462226,0.019989415108970537,1.1,0.7,0.4,-0.3,3.0,0.001,ee,False,-0.6,0.0,0.05,goal_sequence,target,0.15000000596046448,0.0,0.019999999552965164,goal_sequence,True,True,True,ERR_23,False
1,48,1,1,0,11,1,0,1,0,9,0,9.317884774873164e-08,0.13630667328834534,0.09013848751783371,False,0,-0.09013848751783371,False,0.15268313884735107,0.00020518277597147971,0.1243174821138382,0.00043290408211760223,-6.784178549423814e-05,-0.0470753014087677,0.22797980904579163,0.04521169140934944,0.019989462569355965,0.0,1.5707963705062866,-4.07821798324585,5.132662295181945e-07,-1.9339529444550863e-06,4.865466394221585e-07,0.15000000596046448,0.0,0.019999999552965164,0.0,0.0,-0.15000000596046448,-1.0,0.000550190118348938,0.8783029755482087,-0.0003994704272426747,-1.255056634077083,0.0003555918821174977,2.1332456529932733,0.7855099193938017,-6.634770138745573e-06,0.06890814894498828,-0.00011620510659057326,-0.00434414634561937,0.00014251173998524637,0.07701148062814012,-7.590578893987981e-05,PLACE_OBJECT,OBJECT_DELIVERY_SEQUENCE,target,box,0.04,0.04,0.04,1.0,0.1,0.2,0.9,1.0,-0.25,0.0,0.02,0.155,0.001,0.2279798132746814,0.045211690039344526,0.019989463256446578,1.1,0.7,0.4,-0.3,3.0,0.001,ee,False,-0.6,0.0,0.05,goal_sequence,target,0.15000000596046448,0.0,0.019999999552965164,goal_sequence,True,True,True,ERR_23,False
1,49,1,1,0,10,1,0,1,0,9,0,1.0095237712448579e-07,0.13142021000385284,0.09013846516609192,False,0,-0.09013845771551132,False,0.15263953804969788,0.00020048656733706594,0.11781130731105804,5.0534599722595885e-05,-6.524236960103735e-05,-0.04738955572247505,0.22797982394695282,0.04521162062883377,0.01998947188258171,0.0,1.5707963705062866,-4.078217506408691,2.79301843875146e-07,-1.6159800679815817e-06,9.170162229565904e-08,0.15000000596046448,0.0,0.019999999552965164,0.0,0.0,-0.15000000596046448,-1.0,0.0005456512277762888,0.8879004326282376,-0.0004013908131007067,-1.2554071932474824,0.00036273594582097085,2.1432116431760035,0.7855001643049146,-8.389990341903784e-06,0.06996864259794514,-0.00010804929209813977,-0.0032280403534022464,0.0001366778729269373,0.07662892610810969,-7.421647552157372e-05,PLACE_OBJECT,OBJECT_DELIVERY_SEQUENCE,target,box,0.04,0.04,0.04,1.0,0.1,0.2,0.9,1.0,-0.25,0.0,0.02,0.155,0.001,0.22797982765062647,0.04521162104585754,0.019989472331377475,1.1,0.7,0.4,-0.3,3.0,0.001,ee,False,-0.6,0.0,0.05,goal_sequence,target,0.15000000596046448,0.0,0.019999999552965164,goal_sequence,True,True,True,ERR_23,False
1,50,1,1,0,10,1,0,1,0,9,0,1.0134039030162967e-07,0.12669241428375244,0.09013844281435013,False,0,-0.09013844281435013,False,0.152558371424675,0.00019576397608034313,0.11129197478294373,-0.0003377801622264087,-5.792096271761693e-05,-0.047905333340168,0.227979838848114,0.0452115572988987,0.01998947374522686,0.0,1.5707963705062866,-4.078216552734375,2.351954861978811e-07,-1.5560347037535394e-06,1.7278329877967735e-08,0.15000000596046448,0.0,0.019999999552965164,0.0,0.0,-0.15000000596046448,-1.0,0.0005411037066682332,0.8976169786611199,-0.0004032600867760016,-1.255585152848949,0.00036979857879269575,2.1531371368601744,0.7854905143367119,-8.935819439301199e-06,0.07143330487306175,-9.524281394226075e-05,-0.0018996654155828026,0.00013687382627170126,0.07631753111996245,-7.339481776841295e-05,PLACE_OBJECT,OBJECT_DELIVERY_SEQUENCE,target,box,0.04,0.04,0.04,1.0,0.1,0.2,0.9,1.0,-0.25,0.0,0.02,0.155,0.001,0.22797983766246835,0.045211557983523755,0.01998947404163662,1.1,0.7,0.4,-0.3,3.0,0.001,ee,False,-0.6,0.0,0.05,goal_sequence,target,0.15000000596046448,0.0,0.019999999552965164,goal_sequence,True,True,True,ERR_23,False
1,51,1,1,0,9,1,0,1,0,9,0,1.022510076609251e-07,0.12214279919862747,0.09013842791318893,False,0,-0.09013842791318893,False,0.15244115889072418,0.00019110663561150432,0.10475936532020569,-0.0005936191300861537,-5.438566586235538e-05,-0.0480010062456131,0.2279798537492752,0.04521149769425392,0.01998947374522686,0.0,1.5707963705062866,-4.078215599060059,2.2687504497298505e-07,-1.5447242276422912e-06,3.250478997074424e-09,0.15000000596046448,0.0,0.019999999552965164,0.0,0.0,-0.15000000596046448,-1.0,0.0005364549293170118,0.907476771392406,-0.0004048862058673592,-1.255537422783591,0.0003768589819014068,2.162969075878734,0.7854808741330388,-1.0113632068957032e-05,0.07253770442045805,-8.790064136149985e-05,-0.0001605527740127649,0.00013737658015641058,0.07559818582710924,-7.331688191634586e-05,PLACE_OBJECT,OBJECT_DELIVERY_SEQUENCE,target,box,0.04,0.04,0.04,1.0,0.1,0.2,0.9,1.0,-0.25,0.0,0.02,0.155,0.001,0.22797984685145295,0.04521149603959787,0.019989474363747983,1.1,0.7,0.4,-0.3,3.0,0.001,ee,False,-0.6,0.0,0.05,goal_sequence,target,0.15000000596046448,0.0,0.019999999552965164,goal_sequence,True,True,True,ERR_23,False
1,52,1,1,0,9,1,0,1,0,9,0,1.0329263488983997e-07,0.1178063452243805,0.09013839811086655,False,0,-0.09013839811086655,False,0.1522824913263321,0.00018655150779522955,0.09822631627321243,-0.0008320517372339964,-5.167918061488308e-05,-0.04780878126621246,0.2279798537492752,0.04521143436431885,0.01998947374522686,0.0,1.5707963705062866,-4.0782151222229,2.2529980014951434e-07,-1.5425808896907256e-06,6.064021507157236e-10,0.15000000596046448,0.0,0.019999999552965164,0.0,0.0,-0.15000000596046448,-1.0,0.0005317937084208895,0.9174379249467011,-0.0004062914327425212,-1.25530519124227,0.0003838662852257104,2.1727064979718955,0.7854713784352746,-1.0600671671395843e-05,0.07306655753488435,-8.256263525620484e-05,0.0012625092011191233,0.00013728861770204506,0.07487144436785885,-7.220501707072037e-05,PLACE_OBJECT,OBJECT_DELIVERY_SEQUENCE,target,box,0.04,0.04,0.04,1.0,0.1,0.2,0.9,1.0,-0.25,0.0,0.02,0.155,0.001,0.2279798558850615,0.04521143430693795,0.01998947442421089,1.1,0.7,0.4,-0.3,3.0,0.001,ee,False,-0.6,0.0,0.05,goal_sequence,target,0.15000000596046448,0.0,0.019999999552965164,goal_sequence,True,True,True,ERR_23,False
1,53,1,1,0,8,1,0,1,0,9,0,1.0283959994694669e-07,0.11371000856161118,0.09013837575912476,False,0,-0.09013837575912476,False,0.15208595991134644,0.0001819271856220439,0.09170021116733551,-0.0011628090869635344,-4.076560799148865e-05,-0.047945957630872726,0.2279798686504364,0.045211371034383774,0.01998947374522686,0.0,1.5707963705062866,-4.078214168548584,2.249959578648486e-07,-1.542165364298853e-06,1.0802431171796911e-10,0.15000000596046448,0.0,0.019999999552965164,0.0,0.0,-0.15000000596046448,-1.0,0.0005271461780739549,0.9274911001266954,-0.00040774267579354433,-1.2548925081835332,0.0003907925695234004,2.1823615650222905,0.78546206450312,-1.1043679756320211e-05,0.07402224339116678,-6.46330562744644e-05,0.002651028734709609,0.00013803148015449976,0.07423819856010178,-7.08023245489537e-05,PLACE_OBJECT,OBJECT_DELIVERY_SEQUENCE,target,box,0.04,0.04,0.04,1.0,0.1,0.2,0.9,1.0,-0.25,0.0,0.02,0.155,0.001,0.22797986488910588,0.0452113726145593,0.01998947443535638,1.1,0.7,0.4,-0.3,3.0,0.001,ee,False,-0.6,0.0,0.05,goal_sequence,target,0.15000000596046448,0.0,0.019999999552965164,goal_sequence,True,True,True,ERR_23,False
1,54,1,1,0,8,1,0,1,0,9,0,7.981488181485474e-08,0.10987711697816849,0.09013858437538147,False,0,-0.09013858437538147,False,0.15184849500656128,0.00017743812350090593,0.08517348021268845,-0.001389346201904118,-3.97947478631977e-05,-0.04765739291906357,0.2279803454875946,0.04521096125245094,0.0199898611754179,0.0,1.5707963705062866,-4.078221797943115,3.564249936971464e-06,-4.845875082537532e-06,6.015576673235046e-06,0.15000000596046448,0.0,0.019999999552965164,0.0,0.0,-0.15000000596046448,-1.0,0.0005222799798924761,0.9376455772935979,-0.00040867076812776493,-1.2542953355194595,0.0003974265122253576,2.191925211755185,0.7854526909857317,-7.127849146420389e-06,0.07434628185103073,-7.06534953628104e-05,0.003945429980607051,0.00015635609441132757,0.07353517925396252,-7.104873030801782e-05,PLACE_OBJECT,OBJECT_DELIVERY_SEQUENCE,target,box,0.04,0.04,0.04,1.0,0.1,0.2,0.9,1.0,-0.25,0.0,0.02,0.155,0.001,0.22798035050031046,0.04521096147844333,0.01998986164227613,1.1,0.7,0.4,-0.3,3.0,0.001,ee,False,-0.6,0.0,0.05,goal_sequence,target,0.15000000596046448,0.0,0.019999999552965164,goal_sequence,True,True,True,ERR_23,False
1,55,1,1,0,8,1,0,1,0,9,0,8.030441023265666e-08,0.10633987188339233,0.09013860672712326,False,0,-0.09013860672712326,False,0.15157422423362732,0.0001730906660668552,0.07865734398365021,-0.0017561836866661906,-3.979735265602358e-05,-0.047890886664390564,0.22798041999340057,0.04521087184548378,0.019989974796772003,0.0,1.5707963705062866,-4.078221797943115,6.725493904014002e-07,-9.143886359197495e-07,1.1350922477504355e-06,0.15000000596046448,0.0,0.019999999552965164,0.0,0.0,-0.15000000596046448,-1.0,0.0005173953711012299,0.9478866178277312,-0.0004093366436568658,-1.2535191659800993,0.00040408353940844485,2.2014067215097883,0.7854436106812319,-7.429330706492071e-06,0.07542070724858435,-6.981059614444307e-05,0.005321405013732992,0.00015712492001487138,0.07290361848555318,-6.877716391248678e-05,PLACE_OBJECT,OBJECT_DELIVERY_SEQUENCE,target,box,0.04,0.04,0.04,1.0,0.1,0.2,0.9,1.0,-0.25,0.0,0.02,0.155,0.001,0.22798041700936195,0.04521087105392721,0.019989973892896615,1.1,0.7,0.4,-0.3,3.0,0.001,ee,False,-0.6,0.0,0.05,goal_sequence,target,0.15000000596046448,0.0,0.019999999552965164,goal_sequence,True,True,True,ERR_23,False
1,56,1,1,0,7,1,0,1,0,9,0,8.257243422349347e-08,0.10312511026859283,0.09013860672712326,False,0,-0.09013860672712326,False,0.15125712752342224,0.0001686782925389707,0.07213906198740005,-0.0019022541819140315,-2.880838655983098e-05,-0.04743681848049164,0.22798043489456177,0.04521085321903229,0.019989995285868645,0.0,1.5707963705062866,-4.078221797943115,1.269055616148762e-07,-1.725391882700933e-07,2.1418409801299276e-07,0.15000000596046448,0.0,0.019999999552965164,0.0,0.0,-0.15000000596046448,-1.0,0.0005125621474188467,0.9582280957048354,-0.00041007889203843295,-1.2525607262404714,0.0004106194845404575,2.210791803285785,0.7854347904309944,-7.631468407980557e-06,0.07558395191381354,-5.2293606971757925e-05,0.006727377514400806,0.000158029639060751,0.07216217117850976,-6.674477858298247e-05,PLACE_OBJECT,OBJECT_DELIVERY_SEQUENCE,target,box,0.04,0.04,0.04,1.0,0.1,0.2,0.9,1.0,-0.25,0.0,0.02,0.155,0.001,0.2279804295591678,0.045210853991378225,0.019989995073766417,1.1,0.7,0.4,-0.3,3.0,0.001,ee,False,-0.6,0.0,0.05,goal_sequence,target,0.15000000596046448,0.0,0.019999999552965164,goal_sequence,True,True,True,ERR_23,False
1,57,1,1,0,7,1,0,1,0,9,0,8.273062235275574e-08,0.10026656836271286,0.09013860672712326,False,0,-0.09013860672712326,False,0.15090523660182953,0.00016433389100711793,0.06563656777143478,-0.0023354492150247097,-2.547340227465611e-05,-0.0478467121720314,0.22798043489456177,0.04521084949374199,0.019989999011158943,0.0,1.5707963705062866,-4.078221797943115,2.3946235216953937e-08,-3.2556997098254215e-08,4.041510592855957e-08,0.15000000596046448,0.0,0.019999999552965164,0.0,0.0,-0.15000000596046448,-1.0,0.0005076129702063513,0.9686485792600081,-0.0004105833898002363,-1.2514260751979642,0.00041716452719724027,2.2200978952822137,0.7854259356353703,-8.63785517943587e-06,0.07687947652148425,-4.561498798432871e-05,0.008078736569355677,0.00015972566908180677,0.07155481384537703,-6.700265634049761e-05,PLACE_OBJECT,OBJECT_DELIVERY_SEQUENCE,target,box,0.04,0.04,0.04,1.0,0.1,0.2,0.9,1.0,-0.25,0.0,0.02,0.155,0.001,0.2279804319272321,0.045210850771787346,0.01998999907045259,1.1,0.7,0.4,-0.3,3.0,0.001,ee,False,-0.6,0.0,0.05,goal_sequence,target,0.15000000596046448,0.0,0.019999999552965164,goal_sequence,True,True,True,ERR_23,False
1,58,1,1,0,7,1,0,1,0,9,0,8.411284824205723e-08,0.09779243171215057,0.09013860672712326,False,0,-0.09013860672712326,False,0.15050818026065826,0.00016011127445381135,0.05912875011563301,-0.002391108311712742,-2.3918286387925036e-05,-0.04714211821556091,0.22798043489456177,0.04521084949374199,0.019989999011158943,0.0,1.5707963705062866,-4.078221797943115,4.5185029051708625e-09,-6.143285435911139e-09,7.62606422455292e-09,0.15000000596046448,0.0,0.019999999552965164,0.0,0.0,-0.15000000596046448,-1.0,0.0005026438084251803,0.9791715056899982,-0.0004108499117898134,-1.2501092233630853,0.00042366135624967444,2.229300744052213,0.785417199877992,-9.326223708691259e-06,0.076701556646874,-4.2001249717428e-05,0.00948746383843134,0.00015909141791229688,0.07076098454137747,-6.609710258036021e-05,PLACE_OBJECT,OBJECT_DELIVERY_SEQUENCE,target,box,0.04,0.04,0.04,1.0,0.1,0.2,0.9,1.0,-0.25,0.0,0.02,0.155,0.001,0.2279804323740701,0.045210850164271954,0.019989999824600486,1.1,0.7,0.4,-0.3,3.0,0.001,ee,False,-0.6,0.0,0.05,goal_sequence,target,0.15000000596046448,0.0,0.019999999552965164,goal_sequence,True,True,True,ERR_23,False
1,59,1,1,0,7,1,0,1,0,9,0,8.321692490653732e-08,0.09573305398225784,0.09013860672712326,False,0,-0.09013860672712326,False,0.15007945895195007,0.00015586602967232466,0.052644308656454086,-0.0029409965500235558,-1.6531519577256404e-05,-0.04784929379820824,0.22798043489456177,0.04521084949374199,0.019990000873804092,0.0,1.5707963705062866,-4.078221797943115,8.526240269368657e-10,-1.1591907433938786e-09,1.4389945901527312e-09,0.15000000596046448,0.0,0.019999999552965164,0.0,0.0,-0.15000000596046448,-1.0,0.0004977128202652016,0.9897631023470942,-0.00041114057812715726,-1.248619565026822,0.0004300422248730361,2.2384292953843588,0.78540867300574,-9.09893491021958e-06,0.07837821264365494,-3.0426257748573742e-05,0.010808468065948457,0.0001607877496446839,0.07018969718282947,-6.447705932979223e-05,PLACE_OBJECT,OBJECT_DELIVERY_SEQUENCE,target,box,0.04,0.04,0.04,1.0,0.1,0.2,0.9,1.0,-0.25,0.0,0.02,0.155,0.001,0.22798043245838528,0.045210850049637784,0.01998999996690309,1.1,0.7,0.4,-0.3,3.0,0.001,ee,False,-0.6,0.0,0.05,goal_sequence,target,0.15000000596046448,0.0,0.019999999552965164,goal_sequence,True,True,True,ERR_23,False
1,60,1,1,0,6,1,0,1,0,9,0,8.472569845707767e-08,0.09411618113517761,0.09013860672712326,False,0,-0.09013860672712326,False,0.14960147440433502,0.00015160134353209287,0.046148333698511124,-0.002842131070792675,-7.811288014636375e-06,-0.0467391163110733,0.22798043489456177,0.04521084949374199,0.019990000873804092,0.0,1.5707963705062866,-4.078221797943115,1.608971150757199e-10,-2.1872247069065764e-10,2.715420666099533e-10,0.15000000596046448,0.0,0.019999999552965164,0.0,0.0,-0.15000000596046448,-1.0,0.000492713223977709,1.0004624027222413,-0.0004113564862424212,-1.2469472379853526,0.0004364098805616578,2.2474445146568107,0.785400170797094,-1.0601231306763567e-05,0.07765153442109235,-1.4925838021839365e-05,0.012224949240953728,0.00015997275881590375,0.06931827741106483,-6.430273877924397e-05,PLACE_OBJECT,OBJECT_DELIVERY_SEQUENCE,target,box,0.04,0.04,0.04,1.0,0.1,0.2,0.9,1.0,-0.25,0.0,0.02,0.155,0.001,0.22798043247429495,0.045210850028007024,0.019989999993754535,1.1,0.7,0.4,-0.3,3.0,0.001,ee,False,-0.6,0.0,0.05,goal_sequence,target,0.15000000596046448,0.0,0.019999999552965164,goal_sequence,True,True,True,ERR_23,False
1,61,1,1,0,6,1,0,1,0,9,0,1.3716338287395047e-07,0.0930723324418068,0.09013860672712326,False,0,-0.09013860672712326,False,0.1491963416337967,0.00014774645387660712,0.040601685643196106,-0.004764363635331392,-2.1209107217146084e-05,-0.0461370013654232,0.22798043489456177,0.04521084949374199,0.019990000873804092,0.0,1.5707963705062866,-4.078221797943115,3.0365938930021485e-11,-4.126679900573471e-11,5.1243773113718305e-11,0.15000000596046448,0.0,0.019999999552965164,0.0,0.0,-0.1307416558265686,-1.0,0.0004880832439176141,1.0097058003228794,-0.00041174495967890716,-1.2453592214609817,0.0004432761238547884,2.255230374074868,0.7853918304971815,-2.1529846424193542e-05,0.075564735984047,-1.4028817496358173e-05,0.011890310013852712,0.0001089136324041659,0.059865797642389,-6.350243246070354e-05,PLACE_OBJECT,OBJECT_DELIVERY_SEQUENCE,target,box,0.04,0.04,0.04,1.0,0.1,0.2,0.9,1.0,-0.25,0.0,0.02,0.155,0.001,0.22798043247729713,0.04521085002392557,0.019989999998821385,1.1,0.7,0.4,-0.3,3.0,0.001,ee,False,-0.6,0.0,0.05,goal_sequence,target,0.15000000596046448,0.0,0.019999999552965164,goal_sequence,True,True,True,ERR_23,False
1,62,1,1,0,6,1,0,1,0,9,0,2.0462135807974846e-07,0.09251048415899277,0.09013860672712326,False,0,-0.09013860672712326,False,0.14884278178215027,0.0001441152417100966,0.03625073283910751,-0.004270235542207956,-1.893341868708376e-05,-0.036954041570425034,0.22798043489456177,0.04521084949374199,0.019990000873804092,0.0,1.5707963705062866,-4.078221797943115,5.731330774555454e-12,-7.785259416304147e-12,9.67152746778055e-12,0.15000000596046448,0.0,0.019999999552965164,0.0,0.0,-0.10300843417644501,-1.0,0.000484375920031612,1.0169918946260643,-0.00041305967827142,-1.243976213458474,0.00044978833255290536,2.2611385254906837,0.7853840918024061,-2.7918222868008214e-05,0.06087867353860921,3.606050212559336e-06,0.010613578233849383,5.419300829031387e-05,0.04542815558953461,-5.945923490754002e-05,PLACE_OBJECT,OBJECT_DELIVERY_SEQUENCE,target,box,0.04,0.04,0.04,1.0,0.1,0.2,0.9,1.0,-0.25,0.0,0.02,0.155,0.001,0.2279804324778638,0.045210850023155474,0.019989999999777543,1.1,0.7,0.4,-0.3,3.0,0.001,ee,False,-0.6,0.0,0.05,goal_sequence,target,0.15000000596046448,0.0,0.019999999552965164,goal_sequence,True,True,True,ERR_23,False
1,63,1,1,0,6,1,0,1,0,9,0,2.3041324936912133e-07,0.09223032742738724,0.09013860672712326,False,0,-0.09013860672712326,False,0.1485399305820465,0.0001406959054293111,0.032808758318424225,-0.0032254073303192854,-1.8023012671619654e-05,-0.028490833938121796,0.22798043489456177,0.04521084949374199,0.019990000873804092,0.0,1.5707963705062866,-4.078221797943115,1.082332357418836e-12,-1.4679440388937204e-12,1.8280273128556956e-12,0.15000000596046448,0.0,0.019999999552965164,0.0,0.0,-0.08125367015600204,-1.0,0.0004812782010485621,1.0227787161188906,-0.000414878300316441,-1.2428216095201037,0.00045570755643802556,2.2657250682056587,0.7853766904049477,-2.8491993451481705e-05,0.047435884049766286,7.664651287013252e-06,0.00897643453884682,2.881143596460134e-05,0.035266276316061385,-5.706764219546873e-05,PLACE_OBJECT,OBJECT_DELIVERY_SEQUENCE,target,box,0.04,0.04,0.04,1.0,0.1,0.2,0.9,1.0,-0.25,0.0,0.02,0.155,0.001,0.22798043247797073,0.04521085002301018,0.019989999999957972,1.1,0.7,0.4,-0.3,3.0,0.001,ee,False,-0.6,0.0,0.05,goal_sequence,target,0.15000000596046448,0.0,0.019999999552965164,goal_sequence,True,True,True,ERR_23,False
1,64,1,1,0,6,1,0,1,0,9,0,2.1799898775043403e-07,0.09210928529500961,0.09013860672712326,False,0,-0.09013860672712326,False,0.1482899934053421,0.0001374684361508116,0.03008674457669258,-0.0023977337405085564,-1.8777463992591947e-05,-0.02195846475660801,0.22798043489456177,0.04521084949374199,0.019990000873804092,0.0,1.5707963705062866,-4.078221797943115,2.05382667253437e-13,-2.7565626105514884e-13,3.4671224224958053e-13,0.15000000596046448,0.0,0.019999999552965164,0.0,0.0,-0.064043790102005,-1.0,0.00047854817322908974,1.0273686876779986,-0.00041687874224952804,-1.2418839358963416,0.0004608911340204775,2.269336517318118,0.7853696659184455,-2.3675260386092563e-05,0.03683662523010926,-9.817812909216576e-07,0.0072657978143770285,3.0413263962161124e-05,0.027768690811610285,-5.4086179128469934e-05,PLACE_OBJECT,OBJECT_DELIVERY_SEQUENCE,target,box,0.04,0.04,0.04,1.0,0.1,0.2,0.9,1.0,-0.25,0.0,0.02,0.155,0.001,0.227980432477991,0.04521085002298277,0.019989999999992018,1.1,0.7,0.4,-0.3,3.0,0.001,ee,False,-0.6,0.0,0.05,goal_sequence,target,0.15000000596046448,0.0,0.019999999552965164,goal_sequence,True,True,True,ERR_23,False
1,65,1,1,0,6,1,0,1,0,9,0,2.1190777488300228e-07,0.09207581728696823,0.09013860672712326,False,0,-0.09013860672712326,False,0.1480874866247177,0.0001343774056294933,0.02793889120221138,-0.0018258760683238506,-1.893871922220569e-05,-0.01708158291876316,0.22798043489456177,0.04521084949374199,0.019990000873804092,0.0,1.5707963705062866,-4.078221797943115,4.4903791514110114e-14,-5.0759831721983867e-14,6.509376371255371e-14,0.15000000596046448,0.0,0.019999999552965164,0.0,0.0,-0.050433721393346786,-1.0,0.0004761013074000467,1.0309985688701762,-0.0004190676579565091,-1.2411325767219648,0.00046569677098810624,2.2721879839297925,0.7853630893205676,-2.1292170971762422e-05,0.028800112840154476,-4.815857557875975e-06,0.005829649329642167,2.8040313468707598e-05,0.021925136336786267,-5.064411397653814e-05,PLACE_OBJECT,OBJECT_DELIVERY_SEQUENCE,target,box,0.04,0.04,0.04,1.0,0.1,0.2,0.9,1.0,-0.25,0.0,0.02,0.155,0.001,0.22798043247799485,0.045210850022977596,0.01998999999999844,1.1,0.7,0.4,-0.3,3.0,0.001,ee,False,-0.6,0.0,0.05,goal_sequence,target,0.15000000596046448,0.0,0.019999999552965164,goal_sequence,True,True,True,ERR_23,False
1,66,1,1,0,6,1,0,1,0,9,0,2.0756726826220984e-07,0.09208904951810837,0.09013860672712326,False,0,-0.09013860672712326,False,0.14792339503765106,0.000131390115711838,0.026243530213832855,-0.0013639043318107724,-1.8928229110315442e-05,-0.013228031806647778,0.22798043489456177,0.04521084949374199,0.019990000873804092,0.0,1.5707963705062866,-4.078221797943115,7.680337418022702e-15,-9.028404753138024e-15,1.3714723801072637e-14,0.15000000596046448,0.0,0.019999999552965164,0.0,0.0,-0.03969446197152138,-1.0,0.0004738752137137103,1.0338668212176148,-0.00042140982138072383,-1.240534337613336,0.00047019841483604503,2.274436930282,0.7853568389329241,-1.9447794863079943e-05,0.022420477034001747,-7.5862034291577065e-06,0.004649709569569414,2.6098994951710003e-05,0.017292319689340245,-4.813903503514405e-05,PLACE_OBJECT,OBJECT_DELIVERY_SEQUENCE,target,box,0.04,0.04,0.04,1.0,0.1,0.2,0.9,1.0,-0.25,0.0,0.02,0.155,0.001,0.22798043247799565,0.04521085002297663,0.019989999999999685,1.1,0.7,0.4,-0.3,3.0,0.001,ee,False,-0.6,0.0,0.05,goal_sequence,target,0.15000000596046448,0.0,0.019999999552965164,goal_sequence,True,True,True,ERR_23,False
1,67,1,1,0,6,1,0,1,0,9,0,1.9702601150584087e-07,0.09212437272071838,0.09013860672712326,False,0,-0.09013860672712326,False,0.14779119193553925,0.00012848527694586664,0.024905892089009285,-0.0010154657065868378,-1.902873373182956e-05,-0.01023226696997881,0.22798043489456177,0.04521084949374199,0.019990000873804092,0.0,1.5707963705062866,-4.078221797943115,3.6322139280636336e-17,-2.1712751513874905e-15,2.563921297493721e-15,0.15000000596046448,0.0,0.019999999552965164,0.0,0.0,-0.031217651441693306,-1.0,0.0004717993062448209,1.0361308764882697,-0.000423831999706844,-1.2400613517996906,0.00047437450888471877,2.276212413520301,0.7853508357578214,-1.678366092336414e-05,0.01740944169768604,-1.2109068785187563e-05,0.003653096051895427,2.94436308121912e-05,0.013651812869534926,-4.617894245863199e-05,PLACE_OBJECT,OBJECT_DELIVERY_SEQUENCE,target,box,0.04,0.04,0.04,1.0,0.1,0.2,0.9,1.0,-0.25,0.0,0.02,0.155,0.001,0.22798043247799574,0.04521085002297645,0.01998999999999992,1.1,0.7,0.4,-0.3,3.0,0.001,ee,False,-0.6,0.0,0.05,goal_sequence,target,0.15000000596046448,0.0,0.019999999552965164,goal_sequence,True,True,True,ERR_23,False
1,68,1,1,7,6,1,0,1,0,9,0,0.07027388364076614,0.0921315997838974,0.09013860672712326,False,0,-0.09013860672712326,False,0.1477823108434677,0.0001270219509024173,0.02488297037780285,-5.058111491962336e-05,-1.0058025509351864e-05,-1.6225905710598454e-05,0.22798043489456177,0.04521084949374199,0.019990000873804092,0.0,1.5707963705062866,-4.078221797943115,-2.952771677205068e-16,-6.184412011634669e-16,1.2975731600306517e-15,0.15000000596046448,0.0,0.019999999552965164,0.0,0.0,0.0,1.0,0.00047267567330496184,1.0361232867279453,-0.0004275255632465642,-1.2400774016708795,0.00047714229791773476,2.276198749474265,0.785348786304379,6.4356079088378e-06,-5.7920867304980805e-05,-2.617658569820829e-05,-0.0001159360815233823,1.978216915116994e-05,-0.00010505469932152282,-1.5758390969899082e-05,PLACE_OBJECT,OBJECT_DELIVERY_SEQUENCE,target,box,0.04,0.04,0.04,1.0,0.1,0.2,0.9,1.0,-0.25,0.0,0.02,0.155,0.001,0.22798043247799574,0.045210850022976416,0.019989999999999963,1.1,0.7,0.4,-0.3,3.0,0.001,ee,False,-0.6,0.0,0.05,goal_sequence,target,0.15000000596046448,0.0,0.019999999552965164,goal_sequence,True,True,True,ERR_23,False
1,69,1,1,7,6,0,0,1,0,9,0,0.07881752401590347,0.09213621914386749,0.09013860672712326,False,0,-0.09013860672712326,False,0.14777734875679016,0.0001258707488887012,0.024877946823835373,-3.796294913627207e-05,-8.932459422794636e-06,-3.8936774217290804e-05,0.22798043489456177,0.04521084949374199,0.019990000873804092,0.0,1.5707963705062866,-4.078221797943115,7.216135066732951e-17,5.858768739224875e-17,-6.938893903907228e-18,0.15000000596046448,0.0,0.019999999552965164,0.0,0.0,0.0,1.0,0.0004735079204414837,1.0361222848162641,-0.00043074205524243304,-1.2400909512889982,0.00048011747922007753,2.2761994254782465,0.7853463216808523,6.405902942594382e-06,-7.697555367038034e-06,-2.488191150929657e-05,-0.00010408258195408054,2.2818562446388913e-05,5.20022139307956e-06,-1.8950662811212382e-05,PLACE_OBJECT,OBJECT_DELIVERY_SEQUENCE,target,box,0.04,0.04,0.04,1.0,0.1,0.2,0.9,1.0,-0.25,0.0,0.02,0.155,0.001,0.22798043247799574,0.045210850022976416,0.01998999999999997,1.1,0.7,0.4,-0.3,3.0,0.001,ee,False,-0.6,0.0,0.05,goal_sequence,target,0.15000000596046448,0.0,0.019999999552965164,goal_sequence,True,True,True,ERR_23,False
1,70,1,1,7,6,0,0,1,0,9,0,0.07985623180866241,0.09213905036449432,0.09013860672712326,False,0,-0.09013860672712326,False,0.14777448773384094,0.00012484376202337444,0.02487500198185444,-2.1707672203774564e-05,-7.869522960390896e-06,-2.23591887333896e-05,0.22798043489456177,0.04521084949374199,0.019990000873804092,0.0,1.5707963705062866,-4.078221797943115,7.246076357929411e-17,5.907563130942643e-17,-6.938893903907228e-18,0.15000000596046448,0.0,0.019999999552965164,0.0,0.0,0.0,1.0,0.0004743119493764543,1.0361201292136941,-0.0004337547716748798,-1.2401023997850986,0.00048321618343079217,2.27620445893984,0.7853436934994854,6.1799445235552984e-06,-1.657058995652161e-05,-2.314329625607793e-05,-8.796019904556279e-05,2.3810785645922428e-05,3.870287153916532e-05,-2.0208270490317502e-05,PLACE_OBJECT,OBJECT_DELIVERY_SEQUENCE,target,box,0.04,0.04,0.04,1.0,0.1,0.2,0.9,1.0,-0.25,0.0,0.02,0.155,0.001,0.22798043247799574,0.045210850022976416,0.01998999999999997,1.1,0.7,0.4,-0.3,3.0,0.001,ee,False,-0.6,0.0,0.05,goal_sequence,target,0.15000000596046448,0.0,0.019999999552965164,goal_sequence,True,True,True,ERR_23,False
1,71,1,1,7,6,0,0,1,0,9,0,0.07998251169919968,0.09214123338460922,0.09013860672712326,False,0,-0.09013860672712326,False,0.1477724015712738,0.00012387463357299566,0.024872835725545883,-1.5926674677757546e-05,-7.424622253893176e-06,-1.6550915461266413e-05,0.22798043489456177,0.04521084949374199,0.019990000873804092,0.0,1.5707963705062866,-4.078221797943115,7.256138182900506e-17,5.960002411311565e-17,-6.938893903907228e-18,0.15000000596046448,0.0,0.019999999552965164,0.0,0.0,0.0,1.0,0.00047510047911082236,1.0361175808991936,-0.000436671966876375,-1.2401131016643,0.0004863749475685616,2.276211071051311,0.7853409934476498,6.0605045862068625e-06,-1.9591457795176126e-05,-2.2394941845359532e-05,-8.224087700573618e-05,2.4280788072247872e-05,5.0840966932938145e-05,-2.076088755353922e-05,PLACE_OBJECT,OBJECT_DELIVERY_SEQUENCE,target,box,0.04,0.04,0.04,1.0,0.1,0.2,0.9,1.0,-0.25,0.0,0.02,0.155,0.001,0.22798043247799574,0.045210850022976416,0.01998999999999997,1.1,0.7,0.4,-0.3,3.0,0.001,ee,False,-0.6,0.0,0.05,goal_sequence,target,0.15000000596046448,0.0,0.019999999552965164,goal_sequence,True,True,True,ERR_23,False
1,72,1,1,7,6,0,0,1,0,9,0,0.07999786734580994,0.09214316308498383,0.09013860672712326,False,0,-0.09013860672712326,False,0.14777059853076935,0.00012293153849896044,0.02487095072865486,-1.383375911245821e-05,-7.228024969663238e-06,-1.4447242392634507e-05,0.22798043489456177,0.04521084949374199,0.019990000873804092,0.0,1.5707963705062866,-4.078221797943115,7.274950255263432e-17,5.987345031895628e-17,-6.938893903907228e-18,0.15000000596046448,0.0,0.019999999552965164,0.0,0.0,0.0,1.0,0.0004758815072499379,1.036114890395796,-0.0004395455596135419,-1.2401235330226195,0.000489561621185965,2.2762182540274036,0.7853382618283461,6.002988648891203e-06,-2.0685141000932605e-05,-2.205977457123392e-05,-8.016738870187529e-05,2.4497042345018177e-05,5.5230357541031366e-05,-2.100361202739265e-05,PLACE_OBJECT,OBJECT_DELIVERY_SEQUENCE,target,box,0.04,0.04,0.04,1.0,0.1,0.2,0.9,1.0,-0.25,0.0,0.02,0.155,0.001,0.22798043247799574,0.045210850022976416,0.01998999999999997,1.1,0.7,0.4,-0.3,3.0,0.001,ee,False,-0.6,0.0,0.05,goal_sequence,target,0.15000000596046448,0.0,0.019999999552965164,goal_sequence,True,True,True,ERR_23,False
1,73,1,1,7,6,0,0,1,0,9,0,0.07999785989522934,0.09214501082897186,0.09013860672712326,False,0,-0.09013860672712326,True,0.14776888489723206,0.00012200014316476882,0.024869166314601898,-1.3076225513941608e-05,-7.140080015233252e-06,-1.368561242998112e-05,0.22798043489456177,0.04521084949374199,0.019990000873804092,0.0,1.5707963705062866,-4.078221797943115,7.239175024642758e-17,5.899834617043438e-17,-6.938893903907228e-18,0.15000000596046448,0.0,0.019999999552965164,0.0,0.0,0.0,0.0,0.0004766590130891551,1.0361121485321396,-0.00044239936773397446,-1.2401338661861552,0.0004927609826202902,2.2762256432944765,0.785335516298747,5.975997035156309e-06,-2.108018442930487e-05,-2.1908345524031974e-05,-7.941462561533719e-05,2.4595051656467817e-05,5.681654092993746e-05,-2.111056925935273e-05,PLACE_OBJECT,OBJECT_DELIVERY_SEQUENCE,target,box,0.04,0.04,0.04,1.0,0.1,0.2,0.9,1.0,-0.25,0.0,0.02,0.155,0.001,0.22798043247799574,0.045210850022976416,0.01998999999999997,1.1,0.7,0.4,-0.3,3.0,0.001,ee,False,-0.6,0.0,0.05,goal_sequence,target,0.15000000596046448,0.0,0.019999999552965164,goal_sequence,True,True,True,ERR_23,False
