episode,step,object_available,task_started,gripper_width_cm,distance_ee_object_cm,grasp_completed,finger_contacts,grasp_attempts,object_lift_height_cm,distance_object_goal_cm,task_aborted,fingers_width,dist_ee_to_cube,dist_cube_to_target,obstacle_in_path,obstacle_count_in_path,reward,is_success,ee_x,ee_y,ee_z,ee_vx,ee_vy,ee_vz,cube_x,cube_y,cube_z,cube_roll,cube_pitch,cube_yaw,cube_vx,cube_vy,cube_vz,target_x,target_y,target_z,action_x,action_y,action_z,action_gripper,j0,j1,j2,j3,j4,j5,j6,jv0,jv1,jv2,jv3,jv4,jv5,jv6,current_subtask,current_task,active_target_name,objects.object_1.type,objects.object_1.size.0,objects.object_1.size.1,objects.object_1.size.2,objects.object_1.mass,objects.object_1.color.0,objects.object_1.color.1,objects.object_1.color.2,objects.object_1.color.3,objects.object_1.initial_position.0,objects.object_1.initial_position.1,objects.object_1.initial_position.2,lateral_friction,objects.object_1.spinning_friction,objects.object_1.current_position.0,objects.object_1.current_position.1,objects.object_1.current_position.2,scene.table.length,scene.table.width,scene.table.height,scene.table.x_offset,scene.table.lateral_friction,scene.table.spinning_friction,robot_config.control_type,robot_config.block_gripper,robot_config.base_position.0,robot_config.base_position.1,robot_config.base_position.2,target_goal.type,target_goal.targets.0.name,target_goal.targets.0.position.0,target_goal.targets.0.position.1,target_goal.targets.0.position.2,target_goal.mode,scripts.script_1,scripts.reach_only,scripts.left_right,active_state,active_scenario_name,active_scenario_type,sat
1,2,1,1,7,25,0,0,0,0,40,0,0.07881755381822586,0.28059694170951843,0.40000075101852417,False,0,-0.40000075101852417,False,-0.022480323910713196,2.3290764147532173e-05,0.18421216309070587,-0.36926957964897156,0.0001258005650015548,-0.07556977868080139,-0.2500007450580597,8.244177251981455e-07,0.019989432767033577,4.509997779678088e-06,-3.5660701541928574e-05,-8.48362014949089e-06,-1.391017690366425e-06,1.1268277376075275e-05,-9.600078101357212e-07,0.15000000596046448,0.0,0.019999999552965164,-0.9848915934562683,-4.330346200731583e-05,-0.1731720119714737,1.0,-0.0006454457309169628,0.2683278810100903,0.0007010113032633829,-2.1077742965864212,-0.0002600347487305869,2.3756299634490805,0.7856714120186665,-0.0006832954133602093,-0.7571207627033231,0.0008104217040212081,-1.3320478991008662,2.4340176974991384e-05,0.43891502267501237,-0.003774266643069569,APPROACH_OBJECT,OBJECT_DELIVERY_SEQUENCE,target,box,0.04,0.04,0.04,1.0,0.1,0.2,0.9,1.0,-0.25,0.0,0.02,0.13,0.001,-0.2500007504158555,8.244176984337467e-07,0.019989433475159142,1.1,0.7,0.4,-0.3,3.0,0.001,ee,False,-0.6,0.0,0.05,goal_sequence,target,0.15000000596046448,0.0,0.019999999552965164,goal_sequence,True,True,True,S2,APPROACH_OBJECT,D,
1,3,1,1,7,22,0,0,0,0,40,0,0.079856276512146,0.2501492500305176,0.40000078082084656,False,0,-0.40000078082084656,False,-0.05558902770280838,3.697322972584516e-05,0.17740198969841003,-0.3892451822757721,0.0002255145227536559,-0.0653950572013855,-0.2500007748603821,1.2751467011185014e-06,0.019989416003227234,4.5101946852810215e-06,-3.6555909900926054e-05,-1.2719714504783042e-05,-6.124225819803542e-07,1.1268193702562712e-05,-1.8096928044997185e-07,0.15000000596046448,0.0,0.019999999552965164,-0.9854636788368225,-9.730892634252086e-05,-0.16988614201545715,1.0,-0.000676852349607069,0.19721843842507403,0.0007464364790885755,-2.234281956587732,-0.00021403062211941104,2.4311386375122455,0.7855969100067268,-0.0002421149390447663,-0.8030163226686189,0.0006218652971860107,-1.3457039836083946,0.0003580322028856973,0.4268097501616014,-0.0005728511845992657,APPROACH_OBJECT,OBJECT_DELIVERY_SEQUENCE,target,box,0.04,0.04,0.04,1.0,0.1,0.2,0.9,1.0,-0.25,0.0,0.02,0.13,0.001,-0.2500007855749166,1.2751467347975933e-06,0.019989415568297347,1.1,0.7,0.4,-0.3,3.0,0.001,ee,False,-0.6,0.0,0.05,goal_sequence,target,0.15000000596046448,0.0,0.019999999552965164,goal_sequence,True,True,True,S2,APPROACH_OBJECT,D,
1,4,1,1,7,19,0,0,0,0,40,0,0.07998256385326385,0.21994276344776154,0.40000081062316895,False,0,-0.40000081062316895,False,-0.08968515694141388,5.3241001296555623e-05,0.1705673336982727,-0.40075159072875977,0.00026492049801163375,-0.0701165571808815,-0.25000080466270447,1.7258736306757783e-06,0.019989412277936935,4.510233793553198e-06,-3.6724668461829424e-05,-1.6955564206000417e-05,-4.6563098976548645e-07,1.1268158232269343e-05,-3.4116578007115095e-08,0.15000000596046448,0.0,0.019999999552965164,-0.98638516664505,-0.00018112103862222284,-0.16445139050483704,1.0,-0.0006975170970684634,0.12630500067151362,0.0007954818684197123,-2.3582495102312695,-0.00015391604570628856,2.4845697793319577,0.7855704272391508,-0.00015955217527541775,-0.8023936103108048,0.0007519584180329568,-1.3278089946203382,0.0004670033139032286,0.4108353191668705,-0.00020362785355665554,APPROACH_OBJECT,OBJECT_DELIVERY_SEQUENCE,target,box,0.04,0.04,0.04,1.0,0.1,0.2,0.9,1.0,-0.25,0.0,0.02,0.13,0.001,-0.25000080621045623,1.7258736698106592e-06,0.019989412192645828,1.1,0.7,0.4,-0.3,3.0,0.001,ee,False,-0.6,0.0,0.05,goal_sequence,target,0.15000000596046448,0.0,0.019999999552965164,goal_sequence,True,True,True,S2,APPROACH_OBJECT,D,
1,5,1,1,7,16,0,0,0,0,40,0,0.07999791949987411,0.19003336131572723,0.40000084042549133,False,0,-0.40000084042549133,False,-0.1251048743724823,6.716037751175463e-05,0.16321536898612976,-0.38102614879608154,0.0006742968689650297,-0.04941897839307785,-0.25000083446502686,2.1765995370515157e-06,0.019989412277936935,4.5102428885002155e-06,-3.675648622447625e-05,-2.119144846801646e-05,-4.3793721715701395e-07,1.1268131856922992e-05,-6.434137667099549e-09,0.15000000596046448,0.0,0.019999999552965164,-0.9875102043151855,-0.0003173222066834569,-0.15755456686019897,1.0,-0.0007128470360316962,0.05545577771507068,0.0008496406330948499,-2.4805651021928767,-7.686749180054173e-05,2.535220621189639,0.7855409579998638,-0.00011951185410102871,-0.8109525837529391,0.0017438220378591836,-1.2507477230343746,0.000603215258193469,0.38945609355619154,-0.00022659104358946358,APPROACH_OBJECT,OBJECT_DELIVERY_SEQUENCE,target,box,0.04,0.04,0.04,1.0,0.1,0.2,0.9,1.0,-0.25,0.0,0.02,0.13,0.001,-0.25000082410733043,2.1765994240189325e-06,0.019989411556199578,1.1,0.7,0.4,-0.3,3.0,0.001,ee,False,-0.6,0.0,0.05,goal_sequence,target,0.15000000596046448,0.0,0.019999999552965164,goal_sequence,True,True,True,S2,APPROACH_OBJECT,D,
1,6,1,1,7,13,0,0,0,0,40,0,0.07999978214502335,0.16288572549819946,0.40000084042549133,False,0,-0.40000084042549133,False,-0.16071924567222595,6.98372459737584e-05,0.15622654557228088,-0.408211350440979,0.0007701098220422864,-0.06678381562232971,-0.25000083446502686,2.627324192872038e-06,0.019989412277936935,4.510246526479023e-06,-3.6762492527486756e-05,-2.5427420041523874e-05,-4.3269400862300245e-07,1.1268107300566044e-05,-1.2158488660318767e-09,0.15000000596046448,0.0,0.019999999552965164,-0.9895192980766296,-0.0005148501950316131,-0.14439962804317474,1.0,-0.0007232392721754065,-0.016350408136720243,0.0008899709830166256,-2.6004105709464254,2.3993276238345467e-05,2.5838880274574163,0.7854882992134753,-8.020491533602698e-05,-0.8300492043530394,0.002253826579811531,-1.283656279638043,0.0007748031929105722,0.3742040245399334,-0.000404897094402612,APPROACH_OBJECT,OBJECT_DELIVERY_SEQUENCE,target,box,0.04,0.04,0.04,1.0,0.1,0.2,0.9,1.0,-0.25,0.0,0.02,0.13,0.001,-0.25000084148704027,2.627324180841425e-06,0.01998941143610688,1.1,0.7,0.4,-0.3,3.0,0.001,ee,False,-0.6,0.0,0.05,goal_sequence,target,0.15000000596046448,0.0,0.019999999552965164,goal_sequence,True,True,True,S2,APPROACH_OBJECT,D,
1,7,1,1,7,11,0,0,0,0,40,0,0.07999999821186066,0.13962557911872864,0.4000008702278137,False,0,-0.4000008702278137,False,-0.19703467190265656,5.547591354115866e-05,0.14917874336242676,-0.4311763048171997,0.0003493164840620011,-0.08161059767007828,-0.25000086426734924,3.078047939197859e-06,0.019989412277936935,4.510249254963128e-06,-3.6763631214853376e-05,-2.9663488021469675e-05,-4.316827926231781e-07,1.1268083653703798e-05,-2.3218836575633617e-10,0.15000000596046448,0.0,0.019999999552965164,-0.9921720027923584,-0.0007468931144103408,-0.12487654387950897,1.0,-0.000723970991194091,-0.08969533809771256,0.0008936396059401601,-2.7181487428796665,0.00014963940236513174,2.6277679781293455,0.7853920903492331,-3.585262700354485e-06,-0.8521508246372542,0.001509587116095834,-1.3031411436491345,0.0009606435605194197,0.3373929542379943,-0.0007396138382328261,APPROACH_OBJECT,OBJECT_DELIVERY_SEQUENCE,target,box,0.04,0.04,0.04,1.0,0.1,0.2,0.9,1.0,-0.25,0.0,0.02,0.13,0.001,-0.25000085876834904,3.0780479764908263e-06,0.019989411413349322,1.1,0.7,0.4,-0.3,3.0,0.001,ee,False,-0.6,0.0,0.05,goal_sequence,target,0.15000000596046448,0.0,0.019999999552965164,goal_sequence,True,True,True,S2,APPROACH_OBJECT,D,
1,8,1,1,7,9,0,0,0,0,40,0,0.07999999821186066,0.1238332986831665,0.4000008702278137,False,0,-0.4000008702278137,False,-0.23363864421844482,2.2698477550875396e-05,0.14273697137832642,-0.4297321140766144,-6.549536919919774e-05,-0.07219149172306061,-0.25000086426734924,3.5287707760289777e-06,0.019989412277936935,4.510251983447233e-06,-3.676385313156061e-05,-3.389965422684327e-05,-4.314693740070652e-07,1.1268060006841552e-05,-4.674882703170624e-11,0.15000000596046448,0.0,0.019999999552965164,-0.996886134147644,-0.0009861898142844439,-0.07884825766086578,1.0,-0.0007091825355155727,-0.16760369161185742,0.0008407277339209116,-2.8336874646530474,0.000287887460440679,2.664829539747963,0.7852410804249941,0.00011778399831927121,-0.9250549912782835,0.0004396841652732056,-1.291974795291863,0.0010558428686067945,0.28496651515646193,-0.0011611211831718572,APPROACH_OBJECT,OBJECT_DELIVERY_SEQUENCE,target,box,0.04,0.04,0.04,1.0,0.1,0.2,0.9,1.0,-0.25,0.0,0.02,0.13,0.001,-0.2500008760301956,3.528770818098008e-06,0.019989411408939943,1.1,0.7,0.4,-0.3,3.0,0.001,ee,False,-0.6,0.0,0.05,goal_sequence,target,0.15000000596046448,0.0,0.019999999552965164,goal_sequence,True,True,True,S2,APPROACH_OBJECT,D,
1,9,1,1,7,9,0,0,0,0,40,0,0.07999999821186066,0.12139910459518433,0.4000009000301361,False,0,-0.4000009000301361,False,-0.2713768780231476,-2.406898966000881e-05,0.1394917517900467,-0.37389689683914185,-0.00033949551288969815,0.026130162179470062,-0.25000089406967163,3.979492703365395e-06,0.019989412277936935,4.510254257183988e-06,-3.676390406326391e-05,-3.813591683865525e-05,-4.3140630623383913e-07,1.1268036359979305e-05,-1.1797032101190652e-11,0.15000000596046448,0.0,0.019999999552965164,-0.9906566143035889,-0.0011606360785663128,0.13637511432170868,1.0,-0.0006826447599521476,-0.26435484592268627,0.000722028363067223,-2.945290009126884,0.000406833137434445,2.6724844167203274,0.7850450384396135,0.0002070264450597819,-1.302513061498905,-0.000605818072317363,-1.2276178002491125,0.0009101843904350164,0.05885763789201626,-0.0015073739311225,APPROACH_OBJECT,OBJECT_DELIVERY_SEQUENCE,target,box,0.04,0.04,0.04,1.0,0.1,0.2,0.9,1.0,-0.25,0.0,0.02,0.13,0.001,-0.25000089328746017,3.979492706986637e-06,0.019989411407989287,1.1,0.7,0.4,-0.3,3.0,0.001,ee,False,-0.6,0.0,0.05,goal_sequence,target,0.15000000596046448,0.0,0.019999999552965164,goal_sequence,True,True,True,S2,APPROACH_OBJECT,D,
1,10,1,1,7,8,0,0,0,0,40,0,0.07999999076128006,0.10796497017145157,0.4000009298324585,False,0,-0.4000009298324585,False,-0.25905323028564453,-2.1267132979119197e-05,0.12757422029972076,-0.4097110629081726,0.0004612062475644052,-1.0625571012496948,-0.250000923871994,4.43021372120711e-06,0.019989412277936935,4.510256985668093e-06,-3.6763922253157943e-05,-4.237228131387383e-05,-4.313715749049152e-07,1.1268011803622358e-05,-5.212327097714464e-12,0.15000000596046448,0.0,0.019999999552965164,0.2206217348575592,0.0002894885838031769,-0.9753593802452087,1.0,-0.0007142898627410314,-0.18398144947420575,0.000763437086907809,-2.9401698813358834,0.0003479031271941716,2.7943295432968545,0.7851130374492914,-0.00023154112382980154,3.6343380918933574,0.00013153911080967086,0.27021133394088637,-0.00045351589775995474,0.9368759314700963,0.0005250568448692044,APPROACH_OBJECT,OBJECT_DELIVERY_SEQUENCE,target,box,0.04,0.04,0.04,1.0,0.1,0.2,0.9,1.0,-0.25,0.0,0.02,0.13,0.001,-0.250000910542948,4.430213643272149e-06,0.019989411407690616,1.1,0.7,0.4,-0.3,3.0,0.001,ee,False,-0.6,0.0,0.05,goal_sequence,target,0.15000000596046448,0.0,0.019999999552965164,goal_sequence,True,True,True,S2,APPROACH_OBJECT,D,
1,11,1,1,7,4,0,0,0,0,40,0,0.07999999076128006,0.07002666592597961,0.4000007212162018,False,0,-0.4000007212162018,False,-0.2647992968559265,-1.1116425412183162e-05,0.0884346216917038,-0.27145957946777344,0.00035159659455530345,-0.6196615099906921,-0.2500007152557373,4.90338015879388e-06,0.019989490509033203,6.86149626005772e-09,-2.5524868760840036e-05,-4.5973214582772925e-05,2.2493180949823e-05,5.26768303643621e-07,2.196645255025942e-05,0.15000000596046448,0.0,0.019999999552965164,0.10895973443984985,0.00030931050423532724,-0.9940460920333862,1.0,-0.0007636979165262694,-0.028597925052938202,0.0007660342321656844,-2.9115217933709165,0.0002215084097847212,2.8606005474819853,0.7851956059266577,-0.00037759977437855537,2.1932465505031966,0.0001996691623457345,0.27818582426013755,-0.0009738154708753676,0.5095618681809672,0.0006348736521424097,APPROACH_OBJECT,OBJECT_DELIVERY_SEQUENCE,target,box,0.04,0.04,0.04,1.0,0.1,0.2,0.9,1.0,-0.25,0.0,0.02,0.13,0.001,-0.25000070043087186,4.903380098338324e-06,0.01998948963338307,1.1,0.7,0.4,-0.3,3.0,0.001,ee,False,-0.6,0.0,0.05,goal_sequence,target,0.15000000596046448,0.0,0.019999999552965164,goal_sequence,True,True,True,S2,APPROACH_OBJECT,D,
1,12,1,1,7,1,0,0,0,0,40,0,0.07999997586011887,0.039131492376327515,0.40000030398368835,False,0,-0.40000030398368835,False,-0.2567138671875,-1.7619397112866864e-05,0.058541182428598404,-0.1778106838464737,0.0002522648428566754,-0.5876243114471436,-0.2500002980232239,4.903496574115707e-06,0.019989904016256332,9.26738549067583e-17,-4.815630290977424e-06,-4.597328006639145e-05,4.187480499240337e-06,-1.9883446278345929e-10,4.187525973975426e-06,0.15000000596046448,0.0,0.019999999552965164,0.32243475317955017,0.00034904287895187736,-0.9465916156768799,1.0,-0.000750690208564182,0.11407731010482208,0.0006388164520469871,-2.874219880703603,-5.133585941935252e-05,2.9733840899791626,0.7853475166767682,9.727399439100372e-05,2.2019985118802605,-0.0007826639893283808,0.41898972733487283,-0.0021001385970566104,0.8672002568980559,0.0011680303231140898,APPROACH_OBJECT,OBJECT_DELIVERY_SEQUENCE,target,box,0.04,0.04,0.04,1.0,0.1,0.2,0.9,1.0,-0.25,0.0,0.02,0.13,0.001,-0.2500002862534305,4.903496398524369e-06,0.01998990368716314,1.1,0.7,0.4,-0.3,3.0,0.001,ee,False,-0.6,0.0,0.05,goal_sequence,target,0.15000000596046448,0.0,0.019999999552965164,goal_sequence,True,True,True,S2,APPROACH_OBJECT,D,
1,13,1,1,7,0,0,0,0,0,40,0,0.07999997586011887,0.009151069447398186,0.4000002145767212,False,0,-0.4000002145767212,False,-0.24476748704910278,1.1950625776080415e-05,0.02749735489487648,-0.10414102673530579,0.0002702799392864108,-0.6151332855224609,-0.2500002086162567,4.903495664621005e-06,0.0199899822473526,-1.7945686603404454e-10,-9.085395049623912e-07,-4.597336010192521e-05,7.900334821897559e-07,-1.926184350908855e-10,7.901911658336758e-07,0.15000000596046448,0.0,0.019999999552965164,0.4439268410205841,0.0014892991166561842,-0.8960617780685425,1.0,-0.0004580711886910128,0.26122469012808197,0.00037201195570228256,-2.8099200006815277,-0.0002611638918061516,3.054160614607471,0.7855706364031914,0.0022493143666231135,2.3163628221869765,-0.002179810858473826,0.8001936361510922,-0.001608274693463186,0.6210966967024942,0.0017155620967981861,APPROACH_OBJECT,OBJECT_DELIVERY_SEQUENCE,target,box,0.04,0.04,0.04,1.0,0.1,0.2,0.9,1.0,-0.25,0.0,0.02,0.13,0.001,-0.2500002081102265,4.903495591203585e-06,0.01998998182561259,1.1,0.7,0.4,-0.3,3.0,0.001,ee,False,-0.6,0.0,0.05,goal_sequence,target,0.15000000596046448,0.0,0.019999999552965164,goal_sequence,True,True,True,S2,APPROACH_OBJECT,D,
1,14,1,1,3,0,1,2,1,0,40,0,0.031742677092552185,0.0012263425160199404,0.4009801149368286,False,0,-0.400980144739151,False,-0.25094014406204224,4.9409104576625396e-06,0.020106736570596695,0.23468458652496338,-0.0004246154276188463,0.2803957164287567,-0.2509779632091522,-0.0006406214088201523,0.021148722618818283,-0.06648539751768112,0.008320193737745285,-0.031350232660770416,0.07423845678567886,-0.01223495788872242,0.08038926124572754,0.15000000596046448,0.0,0.019999999552965164,0.0,0.0,0.0,-1.0,-0.0003168968737214907,0.27755643858726686,0.0002122718513678261,-2.8173789255267785,-0.00034602215763670526,3.072771312871424,0.7856276513470887,0.0010978159242979665,-0.8141449779231794,-0.0018694876410573526,-0.08539846593761315,-0.0006505853753926601,0.14309214264417994,0.0004111767668873185,GRASP_OBJECT,OBJECT_DELIVERY_SEQUENCE,target,box,0.04,0.04,0.04,1.0,0.1,0.2,0.9,1.0,-0.25,0.0,0.02,0.13,0.001,-0.25097795418152563,-0.00064062139782534,0.021148721895963542,1.1,0.7,0.4,-0.3,3.0,0.001,ee,False,-0.6,0.0,0.05,goal_sequence,target,0.15000000596046448,0.0,0.019999999552965164,goal_sequence,True,True,True,S6,GRASP_OBJECT,D,True
1,15,1,1,2,0,1,2,1,0,40,0,0.024617047980427742,0.0018041551811620593,0.40067771077156067,False,0,-0.40067771077156067,False,-0.25024378299713135,3.4170686831203056e-06,0.021381760016083717,-0.009050685912370682,-0.0002446630096528679,-0.004575864411890507,-0.25067317485809326,-0.0016801628516986966,0.02089579962193966,0.00021705021208617836,-0.01051419135183096,-0.0160361435264349,-0.02430637925863266,-0.026343947276473045,-0.023976700380444527,0.15000000596046448,0.0,0.019999999552965164,0.0,0.0,0.0,-1.0,-0.0002314789725888744,0.2773109898952553,0.00012682672220280173,-2.8278577902754116,-0.0003816448945158434,3.1025742086892705,0.7856568190827905,0.000855146138058779,0.02657005274644727,-0.0014267436099718294,-0.08322668679909531,-0.0004678054561527926,0.22891089529280922,0.00046919121625330074,GRASP_OBJECT,OBJECT_DELIVERY_SEQUENCE,target,box,0.04,0.04,0.04,1.0,0.1,0.2,0.9,1.0,-0.25,0.0,0.02,0.13,0.001,-0.2506731615619739,-0.0016801628733546473,0.020895799720212226,1.1,0.7,0.4,-0.3,3.0,0.001,ee,False,-0.6,0.0,0.05,goal_sequence,target,0.15000000596046448,0.0,0.019999999552965164,goal_sequence,True,True,True,S6,GRASP_OBJECT,D,True
1,16,1,1,2,0,1,2,1,0,41,0,0.023568063974380493,0.006543150171637535,0.4131133258342743,False,0,-0.4131133258342743,False,-0.26420292258262634,2.2015610738890246e-05,0.033320169895887375,0.4560694396495819,-0.00042313701123930514,0.7834088206291199,-0.26304930448532104,-0.0016134383622556925,0.02709062211215496,0.045725252479314804,0.028270378708839417,-0.015094813890755177,-0.01034651231020689,0.017833417281508446,0.4554242193698883,0.15000000596046448,0.0,0.019999999552965164,0.0,0.0,1.0,-1.0,-0.00023731889620944024,0.1998351519433642,0.00021257195053817567,-2.853050126729779,-0.00031925869506494516,3.001184476881793,0.7856637958893171,-1.4014591324900197e-05,-2.6807686245692315,-0.00041015948296128403,-0.2992867037979342,0.0004914757864725328,-0.7795930535726161,4.4687696838612706e-05,LIFT_OBJECT,OBJECT_DELIVERY_SEQUENCE,target,box,0.04,0.04,0.04,1.0,0.1,0.2,0.9,1.0,-0.25,0.0,0.02,0.13,0.001,-0.2630493159442608,-0.0016134384063447567,0.02709062220673127,1.1,0.7,0.4,-0.3,3.0,0.001,ee,False,-0.6,0.0,0.05,goal_sequence,target,0.15000000596046448,0.0,0.019999999552965164,goal_sequence,True,True,True,S18,LIFT_OBJECT,D,True
1,17,1,1,2,0,1,2,1,3,41,0,0.026739507913589478,0.01519728172570467,0.41255906224250793,False,0,-0.41255906224250793,False,-0.260885089635849,4.034252560813911e-05,0.0656203106045723,0.06253740191459656,-0.0005692201666533947,0.35650748014450073,-0.2614298462867737,-0.0011678944574669003,0.050480931997299194,0.008248569443821907,-0.018350057303905487,-0.020052168518304825,0.1111169308423996,0.012903419323265553,0.39273351430892944,0.15000000596046448,0.0,0.019999999552965164,0.0,0.0,1.0,-1.0,-0.00023981107131978714,0.06927647551107487,0.00030783619374204587,-2.8963665662929308,-0.00022241913947251292,2.9591470986694897,0.7856533467575607,-5.439842701936842e-05,-1.4373687520048941,-0.0009500874741957648,-0.4376649651527121,0.001770398439021147,-0.3248856773005623,0.0016736210693482755,LIFT_OBJECT,OBJECT_DELIVERY_SEQUENCE,target,box,0.04,0.04,0.04,1.0,0.1,0.2,0.9,1.0,-0.25,0.0,0.02,0.13,0.001,-0.26142985228181354,-0.0011678945048618937,0.05048093126531684,1.1,0.7,0.4,-0.3,3.0,0.001,ee,False,-0.6,0.0,0.05,goal_sequence,target,0.15000000596046448,0.0,0.019999999552965164,goal_sequence,True,True,True,S18,LIFT_OBJECT,D,True
1,18,1,1,1,0,1,2,1,5,41,0,0.01818358525633812,0.01988983526825905,0.41550514101982117,False,0,-0.41550514101982117,False,-0.2611183822154999,8.090381925285328e-06,0.0907895565032959,0.2516205608844757,0.002675242954865098,0.5664196014404297,-0.2623487710952759,0.002270178869366646,0.07106711715459824,-0.22365334630012512,-0.0035212200600653887,0.029631344601511955,0.1878894716501236,0.4438169300556183,0.44432663917541504,0.15000000596046448,0.0,0.019999999552965164,0.0,0.0,1.0,-1.0,-0.00019517074844450143,-0.03915370655802145,0.0002396917027695727,-2.9042418363559857,-2.8249131192204978e-05,2.8515451875896654,0.7855705757550526,0.000366080997957958,-1.9337999571584492,0.008177988651078175,-0.07032128451607342,0.0014422596359051172,-0.8273308147283167,-0.0006325292943788665,LIFT_OBJECT,OBJECT_DELIVERY_SEQUENCE,target,box,0.04,0.04,0.04,1.0,0.1,0.2,0.9,1.0,-0.25,0.0,0.02,0.13,0.001,-0.262348776695202,0.002270178798693683,0.07106711962016067,1.1,0.7,0.4,-0.3,3.0,0.001,ee,False,-0.6,0.0,0.05,goal_sequence,target,0.15000000596046448,0.0,0.019999999552965164,goal_sequence,True,True,True,S18,LIFT_OBJECT,D,True
1,19,1,1,0,3,1,0,1,4,40,0,0.0022108035627752542,0.05522926151752472,0.4094417989253998,False,0,-0.4094417989253998,False,-0.25763681530952454,1.5982281183823943e-05,0.12060332298278809,0.11392595618963242,-8.889181481208652e-05,0.3938615024089813,-0.2564121186733246,0.014900123700499535,0.06743158400058746,-1.2059308290481567,0.16672785580158234,-0.08735973387956619,0.1448228508234024,0.29867318272590637,-0.30309954285621643,0.15000000596046448,0.0,0.019999999552965164,0.0,0.0,1.0,-1.0,-0.0001544487478339183,-0.15202437967602742,0.00022409163653677494,-2.9045379190226432,5.8696328205676926e-05,2.7473232253158884,0.7854141561680693,0.00029920109950366054,-1.3601257944748233,-0.000468793753432061,-0.007579903574223567,0.0006719144463065594,-0.8013813632265478,-0.0011940756751316344,LIFT_OBJECT,OBJECT_DELIVERY_SEQUENCE,target,box,0.04,0.04,0.04,1.0,0.1,0.2,0.9,1.0,-0.25,0.0,0.02,0.13,0.001,-0.25641211041493917,0.014900124035026295,0.06743158709350287,1.1,0.7,0.4,-0.3,3.0,0.001,ee,False,-0.6,0.0,0.05,goal_sequence,target,0.15000000596046448,0.0,0.019999999552965164,goal_sequence,True,True,True,S18,LIFT_OBJECT,D,True
1,20,1,1,0,8,1,0,1,2,40,0,0.0002687780070118606,0.10565470159053802,0.4024370014667511,False,0,-0.4024370014667511,False,-0.2546936273574829,1.4225728591554798e-05,0.14920328557491302,0.16794706881046295,0.0001448379916837439,0.5204618573188782,-0.25062671303749084,0.026831571012735367,0.0470895953476429,-2.1226649284362793,0.1648695021867752,-0.2596677839756012,0.14445386826992035,0.29791221022605896,-0.6942355036735535,0.15000000596046448,0.0,0.019999999552965164,0.0,0.0,1.0,-1.0,-0.0001338315383130163,-0.24877603395120518,0.0002050654280293104,-2.886582226036164,4.698571509148171e-05,2.62774458333477,0.7853753185789265,0.0002803181389874924,-1.5963588851514874,-4.896105510382497e-05,0.13939193009836767,0.0035783674518105827,-0.9190610294600352,-0.0005813157082163881,LIFT_OBJECT,OBJECT_DELIVERY_SEQUENCE,target,box,0.04,0.04,0.04,1.0,0.1,0.2,0.9,1.0,-0.25,0.0,0.02,0.13,0.001,-0.2506267020465577,0.026831571934253205,0.0470895948251,1.1,0.7,0.4,-0.3,3.0,0.001,ee,False,-0.6,0.0,0.05,goal_sequence,target,0.15000000596046448,0.0,0.019999999552965164,goal_sequence,True,True,True,S18,LIFT_OBJECT,D,True
1,21,1,1,0,13,1,0,1,0,39,0,3.267063220846467e-05,0.16437985002994537,0.39840272068977356,False,0,-0.39840275049209595,False,-0.2505863904953003,9.947269973054063e-06,0.1814989447593689,0.1127079501748085,0.00016344837786164135,0.4607070982456207,-0.24616122245788574,0.04211774095892906,0.02266542613506317,-3.045013666152954,-0.04822370409965515,-0.3401828408241272,0.10808394104242325,0.5179495215415955,-0.31796133518218994,0.15000000596046448,0.0,0.019999999552965164,0.0,0.0,1.0,-1.0,-0.00012048067453012021,-0.3424284643925156,0.00017964283646293043,-2.859887425062489,4.2882670327293104e-05,2.5112419350543513,0.7853652659519471,-1.8926359056062499e-06,-1.2965257568409798,-8.185772414127284e-05,0.22519731197409662,0.0037678358022022683,-0.8952494761953421,-0.0004887144610597791,LIFT_OBJECT,OBJECT_DELIVERY_SEQUENCE,target,box,0.04,0.04,0.04,1.0,0.1,0.2,0.9,1.0,-0.25,0.0,0.02,0.13,0.001,-0.24616122742994073,0.04211774273706842,0.022665426737614063,1.1,0.7,0.4,-0.3,3.0,0.001,ee,False,-0.6,0.0,0.05,goal_sequence,target,0.15000000596046448,0.0,0.019999999552965164,goal_sequence,True,True,True,S18,LIFT_OBJECT,D,True
1,22,1,1,0,13,1,0,1,0,39,0,3.979697794420645e-06,0.16080674529075623,0.39542487263679504,False,0,-0.39542487263679504,False,-0.24354369938373566,1.4913292943674605e-05,0.1717553585767746,-0.43006783723831177,-0.00021276934421621263,-1.094957709312439,-0.24142511188983917,0.05608976632356644,0.021057212725281715,3.076681137084961,-0.0042304773814976215,-0.4025271534919739,0.10328736156225204,0.28872349858283997,-0.05031803622841835,0.15000000596046448,0.0,0.019999999552965164,0.0,0.0,-1.0,-1.0,-0.00011654096588964715,-0.30713897326775713,0.00017131717367923773,-2.894481011983887,0.0002677594956562739,2.6458203231143385,0.7853665273961604,-8.461225552577022e-07,3.0402230280126004,2.9010044133464185e-05,-0.3103411374582075,-0.010086645440933358,1.0347862791300162,1.0708614439636222e-06,LIFT_OBJECT,OBJECT_DELIVERY_SEQUENCE,target,box,0.04,0.04,0.04,1.0,0.1,0.2,0.9,1.0,-0.25,0.0,0.02,0.13,0.001,-0.2414251177131279,0.05608976659242746,0.021057212513343422,1.1,0.7,0.4,-0.3,3.0,0.001,ee,False,-0.6,0.0,0.05,goal_sequence,target,0.15000000596046448,0.0,0.019999999552965164,goal_sequence,True,True,True,S18,LIFT_OBJECT,D,True
1,23,1,1,0,11,1,0,1,0,39,0,4.969199949300673e-07,0.13582557439804077,0.3939981460571289,False,0,-0.3939981460571289,False,-0.2426338493824005,8.215914931497537e-06,0.1394706666469574,1.1105793714523315,0.0006388124311342835,-0.05669547617435455,-0.23870131373405457,0.0643879622220993,0.019936703145503998,-3.139836311340332,-4.185430589132011e-05,-0.4123082160949707,0.03549438342452049,0.13000398874282837,0.002328934846445918,0.15000000596046448,0.0,0.019999999552965164,1.0,-3.789488255279139e-05,0.0,-1.0,-0.0001701527568476267,-0.14476930084804776,0.00022292292412197427,-2.7941365000444263,-5.7902679662514036e-05,2.5628806829869433,0.7853758045821575,-0.00043122462163617235,3.3246511852563967,0.0007798742498649676,3.6544567315480148,0.0070771608081936065,-0.6377296309849547,6.840312445910478e-05,TRANSPORT_OBJECT,OBJECT_DELIVERY_SEQUENCE,target,box,0.04,0.04,0.04,1.0,0.1,0.2,0.9,1.0,-0.25,0.0,0.02,0.13,0.001,-0.23870132110111597,0.06438796112666428,0.019936703983869528,1.1,0.7,0.4,-0.3,3.0,0.001,ee,False,-0.6,0.0,0.05,goal_sequence,target,0.15000000596046448,0.0,0.019999999552965164,goal_sequence,True,True,True,ERR_19,LIFT_OBJECT,D,False
1,24,1,1,0,12,1,0,1,0,39,0,3.6523950086575496e-08,0.14666713774204254,0.39387091994285583,False,0,-0.39387091994285583,False,-0.20294015109539032,-3.3809176329668844e-06,0.14580175280570984,0.3198065757751465,0.00021339075465220958,0.09946040064096451,-0.23819804191589355,0.06660760939121246,0.01998003199696541,-3.1412665843963623,-1.93607093024184e-06,-0.412313848733902,0.00016662153939250857,0.0002816155320033431,0.00044927874114364386,0.15000000596046448,0.0,0.019999999552965164,0.9966365098953247,-2.0854749891441315e-05,0.0819493904709816,-1.0,-0.00017298987107146061,-0.08871714819717162,0.00017163551254810227,-2.724643205363363,2.436769874700722e-05,2.6234125033813585,0.7853870861225822,-1.9288668074676427e-05,0.3263482308921163,0.0005061709889608423,0.553011442878103,0.0006334101460285495,0.4654314325898981,8.674455397872372e-05,TRANSPORT_OBJECT,OBJECT_DELIVERY_SEQUENCE,target,box,0.04,0.04,0.04,1.0,0.1,0.2,0.9,1.0,-0.25,0.0,0.02,0.13,0.001,-0.23819804276202328,0.06660761040591277,0.019980032652573657,1.1,0.7,0.4,-0.3,3.0,0.001,ee,False,-0.6,0.0,0.05,goal_sequence,target,0.15000000596046448,0.0,0.019999999552965164,goal_sequence,True,True,True,ERR_19,LIFT_OBJECT,D,False
1,25,1,1,0,13,1,0,1,0,39,0,-3.1791100862932353e-09,0.159140944480896,0.3938687741756439,False,0,-0.3938687741756439,False,-0.17015625536441803,-1.6997744751279242e-05,0.14749151468276978,0.580104649066925,-0.00085711624706164,0.17956650257110596,-0.23819498717784882,0.06661280244588852,0.019988413900136948,-3.141572952270508,3.6139819712843746e-05,-0.41231662034988403,2.9603617804241367e-05,5.068002064945176e-05,8.474293281324208e-05,0.15000000596046448,0.0,0.019999999552965164,0.9973071813583374,9.553498784953263e-06,0.07333739846944809,-1.0,-0.00017667218398558678,-0.010356513182468361,0.0001335400910162013,-2.6202452157557823,4.109962683178085e-06,2.6003862067265784,0.785388054560526,-2.9687326339557403e-05,0.7878897380665143,-0.001949916696401475,1.5208833238706805,-0.00015353494814017259,-0.17704797174285847,7.403391560285508e-06,TRANSPORT_OBJECT,OBJECT_DELIVERY_SEQUENCE,target,box,0.04,0.04,0.04,1.0,0.1,0.2,0.9,1.0,-0.25,0.0,0.02,0.13,0.001,-0.23819498145314288,0.06661280004435803,0.0199884146225537,1.1,0.7,0.4,-0.3,3.0,0.001,ee,False,-0.6,0.0,0.05,goal_sequence,target,0.15000000596046448,0.0,0.019999999552965164,goal_sequence,True,True,True,ERR_19,LIFT_OBJECT,D,False
1,26,1,1,0,15,1,0,1,0,39,0,-5.653163492880253e-10,0.17956587672233582,0.39386919140815735,False,0,-0.39386919140815735,False,-0.1346665322780609,-3.678258144645952e-05,0.1506933718919754,0.43573644757270813,-0.000298128928989172,0.08666040748357773,-0.2381953001022339,0.06661353260278702,0.01998976431787014,3.14157772064209,8.678645826876163e-06,-0.4123194217681885,-1.3508064512279816e-05,4.0843574424798135e-06,1.113729831558885e-05,0.15000000596046448,0.0,0.019999999552965164,0.9971404671669006,5.2940205932827666e-05,0.07557076960802078,-1.0,-0.00017124788727425808,0.06618872801088153,9.032044321978324e-05,-2.5086096452406883,-1.5955479661260586e-05,2.5710509606387495,0.7853808347496267,4.1730590866828794e-05,0.7540311123758511,-0.0005979534815777256,1.2620609655630102,-0.00015180821213860857,-0.22556031565188928,-5.5508521004639724e-05,TRANSPORT_OBJECT,OBJECT_DELIVERY_SEQUENCE,target,box,0.04,0.04,0.04,1.0,0.1,0.2,0.9,1.0,-0.25,0.0,0.02,0.13,0.001,-0.23819529834106,0.06661353622251008,0.019989764688402595,1.1,0.7,0.4,-0.3,3.0,0.001,ee,False,-0.6,0.0,0.05,goal_sequence,target,0.15000000596046448,0.0,0.019999999552965164,goal_sequence,True,True,True,ERR_19,LIFT_OBJECT,D,False
1,27,1,1,0,17,1,0,1,0,39,0,-7.133313384422024e-10,0.2011122852563858,0.3938693702220917,False,0,-0.3938693702220917,False,-0.1011236235499382,-4.9258833314524963e-05,0.15119026601314545,0.4672295153141022,-0.0005794083117507398,0.10763392597436905,-0.2381954789161682,0.06661342829465866,0.0199898574501276,3.1415789127349854,4.677779543271754e-06,-0.4123222529888153,-2.4695948468433926e-06,-3.3942860682145692e-06,4.524405028405454e-07,0.15000000596046448,0.0,0.019999999552965164,0.9972740411758423,0.00012886064359918237,0.07378658652305603,-1.0,-0.00016214170260253548,0.1463124390271411,6.117818564880186e-05,-2.392522367394684,-2.5288470328704943e-05,2.5316061359106254,0.7853601235541502,7.095881021283203e-05,0.7677475268859466,-0.0010881762934474223,1.3917094746042844,-7.22602210329916e-05,-0.30329286411996764,-0.00015928025410196986,TRANSPORT_OBJECT,OBJECT_DELIVERY_SEQUENCE,target,box,0.04,0.04,0.04,1.0,0.1,0.2,0.9,1.0,-0.25,0.0,0.02,0.13,0.001,-0.23819547274587569,0.06661342717703513,0.019989856869370166,1.1,0.7,0.4,-0.3,3.0,0.001,ee,False,-0.6,0.0,0.05,goal_sequence,target,0.15000000596046448,0.0,0.019999999552965164,goal_sequence,True,True,True,ERR_19,LIFT_OBJECT,D,False
1,28,1,1,0,20,1,0,1,0,39,0,-1.8604068285910103e-09,0.22603535652160645,0.39386942982673645,False,0,-0.39386942982673645,False,-0.06744059175252914,-5.611215237877332e-05,0.15223930776119232,0.4340328872203827,-0.0003521219186950475,0.10146591812372208,-0.23819556832313538,0.06661330163478851,0.0199898649007082,3.1415791511535645,4.677780907513807e-06,-0.41232508420944214,-2.3224799861054635e-06,-3.0579949452658184e-06,8.533911710628672e-08,0.15000000596046448,0.0,0.019999999552965164,0.9966635704040527,0.0001954992621904239,0.08161903917789459,-1.0,-0.00014985119575293177,0.22345842065128957,4.418170671858405e-05,-2.275276133720837,-2.811904880502218e-05,2.4926951631580563,0.7853472641095177,9.530184996679476e-05,0.7177213235314974,-0.0006330714527157241,1.333163313195338,-2.2325737721110017e-05,-0.29918851680181446,-9.891746220982468e-05,TRANSPORT_OBJECT,OBJECT_DELIVERY_SEQUENCE,target,box,0.04,0.04,0.04,1.0,0.1,0.2,0.9,1.0,-0.25,0.0,0.02,0.13,0.001,-0.23819556766004327,0.06661330025137462,0.01998986531070353,1.1,0.7,0.4,-0.3,3.0,0.001,ee,False,-0.6,0.0,0.05,goal_sequence,target,0.15000000596046448,0.0,0.019999999552965164,goal_sequence,True,True,True,ERR_19,LIFT_OBJECT,D,False
1,29,1,1,0,22,1,0,1,0,39,0,-1.875760213820854e-09,0.25231897830963135,0.3938695192337036,False,0,-0.3938695192337036,False,-0.0346405953168869,-5.66702765354421e-05,0.1533515304327011,0.41778475046157837,-0.00025095316232182086,0.09222707152366638,-0.23819565773010254,0.06661318242549896,0.019989866763353348,3.1415793895721436,4.677784090745263e-06,-0.4123278856277466,-2.2947137949813623e-06,-2.9945492769911652e-06,1.6092382537635785e-08,0.15000000596046448,0.0,0.019999999552965164,0.9959962964057922,0.0002570242213550955,0.08939413726329803,-1.0,-0.00013548294361613591,0.2994568112119201,3.6104912373433374e-05,-2.155183813620899,-2.8196248363040307e-05,2.4491393469544205,0.7853432008246236,0.00011130337189479934,0.7292569152763537,-0.00045279162145877346,1.3559762241448279,-2.1641481898395515e-06,-0.3349031639968197,-3.1293474099714294e-05,TRANSPORT_OBJECT,OBJECT_DELIVERY_SEQUENCE,target,box,0.04,0.04,0.04,1.0,0.1,0.2,0.9,1.0,-0.25,0.0,0.02,0.13,0.001,-0.238195659828978,0.06661317960039,0.01998986690279255,1.1,0.7,0.4,-0.3,3.0,0.001,ee,False,-0.6,0.0,0.05,goal_sequence,target,0.15000000596046448,0.0,0.019999999552965164,goal_sequence,True,True,True,ERR_19,LIFT_OBJECT,D,False
1,30,1,1,0,25,1,0,1,0,39,0,-7.597673601367205e-10,0.2796148359775543,0.3938695788383484,False,0,-0.3938695788383484,False,-0.0026843047235161066,-5.283012433210388e-05,0.15517298877239227,0.3997577726840973,-0.00014037710207048804,0.10981786251068115,-0.2381957471370697,0.06661306321620941,0.019989866763353348,3.1415793895721436,4.67778772872407e-06,-0.4123307168483734,-2.289460553583922e-06,-2.9825710043951403e-06,3.0302842457530232e-09,0.15000000596046448,0.0,0.019999999552965164,0.9950692057609558,0.00030540869920514524,0.09918231517076492,-1.0,-0.00011868105456081799,0.37353165959166723,3.226505967129054e-05,-2.0325190364514096,-2.8060991252322516e-05,2.4021071755093417,0.7853483247945325,0.00012999421387646908,0.6815013662591914,-0.0002865103378151979,1.352736474380651,-7.745187154788169e-07,-0.36163327670918133,3.9364719378430155e-05,TRANSPORT_OBJECT,OBJECT_DELIVERY_SEQUENCE,target,box,0.04,0.04,0.04,1.0,0.1,0.2,0.9,1.0,-0.25,0.0,0.02,0.13,0.001,-0.23819575147945196,0.06661306013342772,0.01998986720290053,1.1,0.7,0.4,-0.3,3.0,0.001,ee,False,-0.6,0.0,0.05,goal_sequence,target,0.15000000596046448,0.0,0.019999999552965164,goal_sequence,True,True,True,ERR_19,LIFT_OBJECT,D,False
1,31,1,1,0,28,1,0,1,0,39,0,-1.0851661791377865e-09,0.30686521530151367,0.39386963844299316,False,0,-0.39386963844299316,False,0.027982087805867195,-4.543270551948808e-05,0.15736612677574158,0.3678014576435089,-7.400700269499794e-05,0.0972481518983841,-0.23819583654403687,0.06661294400691986,0.019989866763353348,3.1415793895721436,4.677791366702877e-06,-0.41233354806900024,-2.28845419769641e-06,-2.980300905619515e-06,5.663607915984414e-10,0.15000000596046448,0.0,0.019999999552965164,0.9941540360450745,0.0003439860884100199,0.10797065496444702,-1.0,-0.00010003319444394368,0.4470052918974737,3.081496478763991e-05,-1.9070370260273177,-2.8123840424792996e-05,2.351234116920497,0.785359236846914,0.00014431378938500015,0.6833113922470732,-0.00020536724942444348,1.3435688759884146,-2.6293454585823994e-06,-0.3911662059698907,8.38592851920509e-05,TRANSPORT_OBJECT,OBJECT_DELIVERY_SEQUENCE,target,box,0.04,0.04,0.04,1.0,0.1,0.2,0.9,1.0,-0.25,0.0,0.02,0.13,0.001,-0.23819584303150657,0.0666129408902325,0.019989867259300548,1.1,0.7,0.4,-0.3,3.0,0.001,ee,False,-0.6,0.0,0.05,goal_sequence,target,0.15000000596046448,0.0,0.019999999552965164,goal_sequence,True,True,True,ERR_19,LIFT_OBJECT,D,False
1,32,1,1,0,30,1,0,1,0,39,0,-7.306979465937502e-10,0.3329109847545624,0.3938697278499603,False,0,-0.3938697278499603,False,0.05677758529782295,-3.564215512597002e-05,0.15919595956802368,0.3311642110347748,-3.0137080102576874e-05,0.07383636385202408,-0.23819594085216522,0.06661282479763031,0.019989866763353348,3.1415793895721436,4.677795004681684e-06,-0.4123363494873047,-2.288248879267485e-06,-2.9798620744259097e-06,1.0159170032997267e-10,0.15000000596046448,0.0,0.019999999552965164,0.9931182265281677,0.0003697821230161935,0.11711559444665909,-1.0,-8.019529450995569e-05,0.52080283099158,3.025360087775327e-05,-1.779589797545589,-2.847263643887729e-05,2.2975722121382423,0.7853736026071226,0.00015370814006664954,0.6982115740396835,-0.00016080056354010044,1.3276174777160048,-5.250319514390686e-06,-0.4126099046345329,0.00011042764911651896,TRANSPORT_OBJECT,OBJECT_DELIVERY_SEQUENCE,target,box,0.04,0.04,0.04,1.0,0.1,0.2,0.9,1.0,-0.25,0.0,0.02,0.13,0.001,-0.23819593456437532,0.06661282168967037,0.019989867269729625,1.1,0.7,0.4,-0.3,3.0,0.001,ee,False,-0.6,0.0,0.05,goal_sequence,target,0.15000000596046448,0.0,0.019999999552965164,goal_sequence,True,True,True,ERR_19,LIFT_OBJECT,D,False
1,33,1,1,0,33,1,0,1,0,39,0,3.1340983142058576e-09,0.3581191897392273,0.3938698172569275,False,0,-0.3938698172569275,False,0.08368214219808578,-2.496227898518555e-05,0.16212794184684753,0.30570095777511597,-2.8800675622164817e-08,0.11070412397384644,-0.23819603025913239,0.06661270558834076,0.019989866763353348,3.1415793895721436,4.677798642660491e-06,-0.4123391807079315,-2.288194536959054e-06,-2.9797686238453025e-06,1.3916694185933665e-11,0.15000000596046448,0.0,0.019999999552965164,0.9910462498664856,0.000378911237930879,0.13351869583129883,-1.0,-6.0239438474848786e-05,0.5918653472732857,2.9356163318103885e-05,-1.6517613406638805,-2.885716594025855e-05,2.2426926865360985,0.7853890582238147,0.0001546558977165004,0.6137771876370496,-0.00012914348661232467,1.2921028377241195,-6.344928933057353e-06,-0.42197096115891564,0.0001145663839325628,TRANSPORT_OBJECT,OBJECT_DELIVERY_SEQUENCE,target,box,0.04,0.04,0.04,1.0,0.1,0.2,0.9,1.0,-0.25,0.0,0.02,0.13,0.001,-0.2381960260930041,0.06661270249757391,0.019989867271487154,1.1,0.7,0.4,-0.3,3.0,0.001,ee,False,-0.6,0.0,0.05,goal_sequence,target,0.15000000596046448,0.0,0.019999999552965164,goal_sequence,True,True,True,ERR_19,LIFT_OBJECT,D,False
1,34,1,1,0,35,1,0,1,0,39,0,-6.450668332824705e-10,0.38189172744750977,0.3938698470592499,False,0,-0.3938698470592499,False,0.10825899243354797,-1.4178981473378371e-05,0.16617824137210846,0.2629513442516327,0.00011325743980705738,0.09657611697912216,-0.23819611966609955,0.06661258637905121,0.019989866763353348,3.1415793895721436,4.677802735386649e-06,-0.41234198212623596,-2.288168843733729e-06,-2.9797404295095475e-06,-2.6130139718638645e-12,0.15000000596046448,0.0,0.019999999552965164,0.9896263480186462,0.00037249887827783823,0.1436648815870285,-1.0,-4.134779170126527e-05,0.6604575572659429,2.8518542879714256e-05,-1.5240591329742286,-2.8808651822877946e-05,2.1861111158832487,0.7854031882713267,0.00014238040555863995,0.598995771219147,4.127966996450355e-05,1.2443519646462342,-5.804742605274027e-06,-0.43505966800738044,0.00010852357329355425,TRANSPORT_OBJECT,OBJECT_DELIVERY_SEQUENCE,target,box,0.04,0.04,0.04,1.0,0.1,0.2,0.9,1.0,-0.25,0.0,0.02,0.13,0.001,-0.23819611762021226,0.06661258330749804,0.019989867271608935,1.1,0.7,0.4,-0.3,3.0,0.001,ee,False,-0.6,0.0,0.05,goal_sequence,target,0.15000000596046448,0.0,0.019999999552965164,goal_sequence,True,True,True,ERR_19,LIFT_OBJECT,D,False
1,35,1,1,0,37,1,0,1,0,39,0,-1.9078554291951377e-09,0.40333956480026245,0.39386993646621704,False,0,-0.39386993646621704,False,0.13007254898548126,-4.198161605017958e-06,0.17039979994297028,0.21312202513217926,3.325165744172409e-05,0.042924728244543076,-0.2381962090730667,0.06661246716976166,0.019989866763353348,3.1415793895721436,4.677806373365456e-06,-0.4123448133468628,-2.288148380102939e-06,-2.9797245133522665e-06,-5.749466874815923e-12,0.15000000596046448,0.0,0.019999999552965164,0.991191565990448,0.00033669729600660503,0.1324353963136673,-1.0,-2.5013979891629104e-05,0.7273358649813377,2.7357311736066654e-05,-1.3980143173251218,-2.8115165800540368e-05,2.1295033711999354,0.7854144301644557,0.0001353758308029713,0.6343060062707034,-9.006853306252512e-05,1.187996722332056,2.691934948798741e-05,-0.4352610602746147,8.687693117337761e-05,TRANSPORT_OBJECT,OBJECT_DELIVERY_SEQUENCE,target,box,0.04,0.04,0.04,1.0,0.1,0.2,0.9,1.0,-0.25,0.0,0.02,0.13,0.001,-0.23819620914653164,0.06661246411822708,0.019989867271422167,1.1,0.7,0.4,-0.3,3.0,0.001,ee,False,-0.6,0.0,0.05,goal_sequence,target,0.15000000596046448,0.0,0.019999999552965164,goal_sequence,True,True,True,ERR_19,LIFT_OBJECT,D,False
1,36,1,1,0,39,1,0,1,0,39,0,-4.564633948600516e-10,0.42055544257164,0.39386996626853943,False,0,-0.39386996626853943,False,0.14861758053302765,1.3322890879408078e-07,0.17100217938423157,0.17456233501434326,-6.831326754763722e-05,0.015226893126964569,-0.23819629848003387,0.0666123479604721,0.019989866763353348,3.1415793895721436,4.677810011344263e-06,-0.4123476445674896,-2.2881290533405263e-06,-2.9797110983054154e-06,-6.31963578689998e-12,0.15000000596046448,0.0,0.019999999552965164,0.9976943135261536,0.00021018651023041457,0.06786798685789108,-1.0,-1.5348260098248467e-05,0.7965371663372721,2.3983665766930152e-05,-1.2759919545117155,-2.6946499379168137e-05,2.0773132058605897,0.7854182800985208,7.888704200300777e-05,0.6232560612765494,-0.00018769087883274303,1.1126280202939522,6.029137025201359e-06,-0.40129368740919225,2.9579216424331645e-05,TRANSPORT_OBJECT,OBJECT_DELIVERY_SEQUENCE,target,box,0.04,0.04,0.04,1.0,0.1,0.2,0.9,1.0,-0.25,0.0,0.02,0.13,0.001,-0.23819630067206257,0.06661234492953166,0.019989867271177218,1.1,0.7,0.4,-0.3,3.0,0.001,ee,False,-0.6,0.0,0.05,goal_sequence,target,0.15000000596046448,0.0,0.019999999552965164,goal_sequence,True,True,True,ERR_19,LIFT_OBJECT,D,False
1,37,1,1,0,39,1,0,1,0,39,0,1.3006469146148447e-07,0.42014244198799133,0.393870085477829,False,0,-0.393870085477829,False,0.14820142090320587,-4.952891231368994e-06,0.17091549932956696,-0.005332012195140123,-3.0202872949303128e-05,0.0021786654833704233,-0.23819638788700104,0.06661222875118256,0.019989866763353348,3.1415793895721436,4.677814104070421e-06,-0.41235044598579407,-2.288109953951789e-06,-2.9796979106322397e-06,-6.447866546244185e-12,0.15000000596046448,0.0,0.019999999552965164,0.0,0.0,0.0,-1.0,-1.8068061834349487e-05,0.796650502835405,1.8225349269739032e-05,-1.2751148265756633,-2.187128223596178e-05,2.072391921668209,0.7854104575312799,-1.8269711871282202e-05,-0.0032175995456693515,-3.6395049566069395e-05,0.00668694476186283,4.7673740281427984e-05,-0.037840159559450165,-6.005329765798248e-05,TRANSPORT_OBJECT,OBJECT_DELIVERY_SEQUENCE,target,box,0.04,0.04,0.04,1.0,0.1,0.2,0.9,1.0,-0.25,0.0,0.02,0.13,0.001,-0.2381963921968239,0.06661222574136852,0.019989867270921252,1.1,0.7,0.4,-0.3,3.0,0.001,ee,False,-0.6,0.0,0.05,goal_sequence,target,0.15000000596046448,0.0,0.019999999552965164,goal_sequence,True,True,True,ERR_19,LIFT_OBJECT,D,False
1,38,1,1,0,39,1,0,1,0,39,0,8.100922599396654e-08,0.41805070638656616,0.39387014508247375,False,0,-0.39387014508247375,False,0.1483631581068039,-1.0644493158906698e-05,0.16455629467964172,-0.000550484168343246,-8.602344314567745e-05,-0.05648058280348778,-0.2381964772939682,0.066612109541893,0.019989866763353348,3.1415793895721436,4.677817742049228e-06,-0.4123532772064209,-2.288090854563052e-06,-2.979684722959064e-06,-6.452588463545794e-12,0.15000000596046448,0.0,0.019999999552965164,0.0,0.0,-0.15000000596046448,-1.0,-2.099928709035133e-05,0.8056473068995278,1.1629407724602375e-05,-1.276435013396464,-1.7936590112560073e-05,2.0822472365572784,0.785401657395608,6.914248917396903e-06,0.07776368725651617,-0.00016714667194433824,-0.010697877528459158,0.0001087249820411508,0.07577780047927841,-6.673397312876791e-05,PLACE_OBJECT,OBJECT_DELIVERY_SEQUENCE,target,box,0.04,0.04,0.04,1.0,0.1,0.2,0.9,1.0,-0.25,0.0,0.02,0.13,0.001,-0.23819648372081925,0.06661210655372958,0.019989867270663257,1.1,0.7,0.4,-0.3,3.0,0.001,ee,False,-0.6,0.0,0.05,goal_sequence,target,0.15000000596046448,0.0,0.019999999552965164,goal_sequence,True,True,True,ERR_19,LIFT_OBJECT,D,False
1,39,1,1,0,39,1,0,1,0,39,0,9.702643666287258e-08,0.4160049855709076,0.3938702344894409,False,0,-0.3938702344894409,False,0.14852650463581085,-1.638992762309499e-05,0.1580697000026703,0.0008591669611632824,-6.522443436551839e-05,-0.05009598657488823,-0.23819658160209656,0.06661199033260345,0.019989866763353348,3.1415793895721436,4.6778213800280355e-06,-0.41235610842704773,-2.2880717551743146e-06,-2.9796717626595637e-06,-6.459437151828951e-12,0.15000000596046448,0.0,0.019999999552965164,0.0,0.0,-0.15000000596046448,-1.0,-2.4399220779967965e-05,0.8146774551248105,5.599225450465068e-06,-1.2777498440298205,-1.3185209990972692e-05,2.0923947595446792,0.7853919342691243,-2.4394023359633954e-06,0.06958031977482637,-0.00012165061602294669,-0.010559380287111014,0.00010259665083403938,0.07802464300419815,-7.393916869366697e-05,PLACE_OBJECT,OBJECT_DELIVERY_SEQUENCE,target,box,0.04,0.04,0.04,1.0,0.1,0.2,0.9,1.0,-0.25,0.0,0.02,0.13,0.001,-0.23819657524404925,0.06661198736661321,0.019989867270404853,1.1,0.7,0.4,-0.3,3.0,0.001,ee,False,-0.6,0.0,0.05,goal_sequence,target,0.15000000596046448,0.0,0.019999999552965164,goal_sequence,True,True,True,ERR_19,LIFT_OBJECT,D,False
1,40,1,1,0,38,1,0,1,0,39,0,9.440759640710894e-08,0.4140370786190033,0.3938702940940857,False,0,-0.3938702940940857,False,0.14867907762527466,-2.191321436839644e-05,0.15157172083854675,0.0008889756863936782,-6.703956023557112e-05,-0.04962005838751793,-0.23819667100906372,0.0666118711233139,0.019989866763353348,3.1415793895721436,4.677825018006843e-06,-0.4123589098453522,-2.288052428411902e-06,-2.979658574986388e-06,-6.448688805171798e-12,0.15000000596046448,0.0,0.019999999552965164,0.0,0.0,-0.15000000596046448,-1.0,-2.801524459459713e-05,0.8238191077343014,1.450198000308161e-07,-1.2789677680062828,-8.443843943612275e-06,2.102719512696007,0.7853819754159409,-1.1541684006003859e-06,0.06951449389458089,-0.00012650471446579636,-0.009898409677183417,0.00010808978858007495,0.07938730658790985,-7.576305483503187e-05,PLACE_OBJECT,OBJECT_DELIVERY_SEQUENCE,target,box,0.04,0.04,0.04,1.0,0.1,0.2,0.9,1.0,-0.25,0.0,0.02,0.13,0.001,-0.23819666676651408,0.06661186818001914,0.019989867270146365,1.1,0.7,0.4,-0.3,3.0,0.001,ee,False,-0.6,0.0,0.05,goal_sequence,target,0.15000000596046448,0.0,0.019999999552965164,goal_sequence,True,True,True,ERR_19,LIFT_OBJECT,D,False
1,41,1,1,0,38,1,0,1,0,39,0,8.163691944673701e-08,0.4121263921260834,0.3938703238964081,False,0,-0.3938703238964081,False,0.1487974226474762,-2.722277531574946e-05,0.14506152272224426,0.0007698572590015829,-6.837669934611768e-05,-0.04913022369146347,-0.23819676041603088,0.06661175191402435,0.019989866763353348,3.1415793895721436,4.6778291107330006e-06,-0.412361741065979,-2.2880333290231647e-06,-2.9796456146868877e-06,-6.464963980823413e-12,0.15000000596046448,0.0,0.019999999552965164,0.0,0.0,-0.15000000596046448,-1.0,-3.1594712471553105e-05,0.8330762578411144,-4.9244884351106866e-06,-1.2800205297866565,-3.936048185807484e-06,2.1130214448299354,0.7853723217367925,9.647451718713647e-07,0.06961996932980545,-0.00013219041670987962,-0.008636595033931299,0.00011656390428246843,0.07921185557912905,-7.3230306758593e-05,PLACE_OBJECT,OBJECT_DELIVERY_SEQUENCE,target,box,0.04,0.04,0.04,1.0,0.1,0.2,0.9,1.0,-0.25,0.0,0.02,0.13,0.001,-0.23819675828821382,0.06661174899394733,0.01998986726988783,1.1,0.7,0.4,-0.3,3.0,0.001,ee,False,-0.6,0.0,0.05,goal_sequence,target,0.15000000596046448,0.0,0.019999999552965164,goal_sequence,True,True,True,ERR_19,LIFT_OBJECT,D,False
1,42,1,1,0,38,1,0,1,0,39,0,8.216875357902609e-08,0.4102708697319031,0.39387041330337524,False,0,-0.39387041330337524,False,0.14887763559818268,-3.236051998101175e-05,0.1385398805141449,0.000633157673291862,-6.758757081115618e-05,-0.04864931106567383,-0.23819684982299805,0.0666116327047348,0.019989866763353348,3.1415793895721436,4.677832748711808e-06,-0.41236454248428345,-2.2880142296344275e-06,-2.9796326543873874e-06,-6.4710424518832355e-12,0.15000000596046448,0.0,0.019999999552965164,0.0,0.0,-0.15000000596046448,-1.0,-3.5105461745169976e-05,0.8424508936118329,-9.753799524042852e-06,-1.2808970495980827,5.386092230139755e-07,2.12326900534364,0.7853630406197072,1.0184700102073858e-06,0.06977053035514635,-0.00013026318119180183,-0.007273242415401608,0.0001161237593089795,0.07879379123137865,-7.034681343464494e-05,PLACE_OBJECT,OBJECT_DELIVERY_SEQUENCE,target,box,0.04,0.04,0.04,1.0,0.1,0.2,0.9,1.0,-0.25,0.0,0.02,0.13,0.001,-0.2381968498091484,0.06661162980839774,0.019989867269629327,1.1,0.7,0.4,-0.3,3.0,0.001,ee,False,-0.6,0.0,0.05,goal_sequence,target,0.15000000596046448,0.0,0.019999999552965164,goal_sequence,True,True,True,ERR_19,LIFT_OBJECT,D,False
1,43,1,1,0,38,1,0,1,0,39,0,8.228975900692603e-08,0.40848973393440247,0.3938705027103424,False,0,-0.3938705027103424,False,0.14892421662807465,-3.732273034984246e-05,0.13205689191818237,0.0003636038745753467,-6.630013376707211e-05,-0.04845049977302551,-0.2381969392299652,0.06661151349544525,0.019989866763353348,3.1415793895721436,4.677836386690615e-06,-0.4123673737049103,-2.2879951302456902e-06,-2.9796194667142117e-06,-6.459995732788215e-12,0.15000000596046448,0.0,0.019999999552965164,0.0,0.0,-0.15000000596046448,-1.0,-3.8517310708276345e-05,0.8518946771415795,-1.4366955194349951e-05,-1.2815475217979473,4.915228782210604e-06,2.1333561845594717,0.7853540818326974,1.5950605156645967e-06,0.07043001121582726,-0.00012832070747672035,-0.005533398163921878,0.00011620143883802822,0.07756061756464111,-6.786147670808686e-05,PLACE_OBJECT,OBJECT_DELIVERY_SEQUENCE,target,box,0.04,0.04,0.04,1.0,0.1,0.2,0.9,1.0,-0.25,0.0,0.02,0.13,0.001,-0.2381969413293178,0.0666115106233704,0.01998986726937083,1.1,0.7,0.4,-0.3,3.0,0.001,ee,False,-0.6,0.0,0.05,goal_sequence,target,0.15000000596046448,0.0,0.019999999552965164,goal_sequence,True,True,True,ERR_19,LIFT_OBJECT,D,False
1,44,1,1,0,38,1,0,1,0,39,0,8.27683024340331e-08,0.4067617654800415,0.3938705325126648,False,0,-0.3938705325126648,False,0.14892852306365967,-4.211683335597627e-05,0.12556567788124084,0.000183724652742967,-6.553163257194683e-05,-0.048037391155958176,-0.23819702863693237,0.0666113942861557,0.019989866763353348,3.1415793895721436,4.677840024669422e-06,-0.4123702049255371,-2.287976030856953e-06,-2.9796065064147115e-06,-6.46185188690751e-12,0.15000000596046448,0.0,0.019999999552965164,0.0,0.0,-0.15000000596046448,-1.0,-4.1875132936381075e-05,0.8614312987685245,-1.8737226436387734e-05,-1.282055751690119,9.22934191842369e-06,2.1434004945226386,0.7853453595637524,1.5759963827504742e-06,0.0705187620882278,-0.00012637691019158626,-0.004432755007796493,0.00011564735388646871,0.0772310015058304,-6.60355618183929e-05,PLACE_OBJECT,OBJECT_DELIVERY_SEQUENCE,target,box,0.04,0.04,0.04,1.0,0.1,0.2,0.9,1.0,-0.25,0.0,0.02,0.13,0.001,-0.23819703284872204,0.06661139143886531,0.01998986726911232,1.1,0.7,0.4,-0.3,3.0,0.001,ee,False,-0.6,0.0,0.05,goal_sequence,target,0.15000000596046448,0.0,0.019999999552965164,goal_sequence,True,True,True,ERR_19,LIFT_OBJECT,D,False
1,45,1,1,0,38,1,0,1,0,39,0,8.329764256131966e-08,0.40508729219436646,0.39387062191963196,False,0,-0.39387062191963196,False,0.14888958632946014,-4.673702278523706e-05,0.11906717717647552,1.770037329151819e-06,-6.510358798550442e-05,-0.0476255938410759,-0.23819711804389954,0.06661127507686615,0.019989866763353348,3.1415793895721436,4.67784411739558e-06,-0.41237300634384155,-2.2879569314682158e-06,-2.9795933187415358e-06,-6.471684299569347e-12,0.15000000596046448,0.0,0.019999999552965164,0.0,0.0,-0.15000000596046448,-1.0,-4.516254095537632e-05,0.8710602203645592,-2.2873836687868128e-05,-1.282420195021497,1.346500554573956e-05,2.153394385054088,0.7853368945539895,1.7030877003605715e-06,0.0706096735080799,-0.00012512557555314965,-0.0033205040058463496,0.00011494686530822557,0.07684333279049134,-6.405161964073008e-05,PLACE_OBJECT,OBJECT_DELIVERY_SEQUENCE,target,box,0.04,0.04,0.04,1.0,0.1,0.2,0.9,1.0,-0.25,0.0,0.02,0.13,0.001,-0.23819712436736123,0.06661127225488242,0.01998986726885378,1.1,0.7,0.4,-0.3,3.0,0.001,ee,False,-0.6,0.0,0.05,goal_sequence,target,0.15000000596046448,0.0,0.019999999552965164,goal_sequence,True,True,True,ERR_19,LIFT_OBJECT,D,False
1,46,1,1,0,37,1,0,1,0,39,0,9.260172362246522e-08,0.4034726321697235,0.3938707113265991,False,0,-0.3938707113265991,False,0.14881306886672974,-5.13198428961914e-05,0.11256054788827896,-0.0003162213834002614,-5.898110248381272e-05,-0.04788680002093315,-0.2381972223520279,0.0666111558675766,0.019989866763353348,3.1415793895721436,4.677847755374387e-06,-0.4123758375644684,-2.2879378320794785e-06,-2.9795803584420355e-06,-6.4661748178096445e-12,0.15000000596046448,0.0,0.019999999552965164,0.0,0.0,-0.15000000596046448,-1.0,-4.834801424327744e-05,0.8807942908244504,-2.702380673735152e-05,-1.282627946435315,1.77020798796801e-05,2.1633557854890353,0.7853286859883328,7.526864322007082e-08,0.07169654349603426,-0.00011228089442963602,-0.002074093801804032,0.00011024122027519963,0.07659365597000414,-6.234935520294319e-05,PLACE_OBJECT,OBJECT_DELIVERY_SEQUENCE,target,box,0.04,0.04,0.04,1.0,0.1,0.2,0.9,1.0,-0.25,0.0,0.02,0.13,0.001,-0.2381972158852353,0.06661115307142179,0.01998986726859528,1.1,0.7,0.4,-0.3,3.0,0.001,ee,False,-0.6,0.0,0.05,goal_sequence,target,0.15000000596046448,0.0,0.019999999552965164,goal_sequence,True,True,True,ERR_19,LIFT_OBJECT,D,False
1,47,1,1,0,37,1,0,1,0,39,0,9.285420077276285e-08,0.4019283056259155,0.3938707411289215,False,0,-0.3938707411289215,False,0.14870931208133698,-5.586829502135515e-05,0.1060430258512497,-0.0007295247633010149,-5.378428249969147e-05,-0.04870424419641495,-0.23819731175899506,0.06661103665828705,0.019989866763353348,3.1415793895721436,4.677851393353194e-06,-0.4123786389827728,-2.2879187326907413e-06,-2.97956717076886e-06,-6.4714830716461336e-12,0.15000000596046448,0.0,0.019999999552965164,0.0,0.0,-0.15000000596046448,-1.0,-5.15579465214522e-05,0.8906803567998978,-3.105920667137204e-05,-1.2826003648207616,2.1899152903383915e-05,2.173251536954228,0.7853205109468874,-3.553658310725266e-07,0.07383336813708544,-0.00010340614868469943,-0.0002659374602770048,0.00011108136057228803,0.07608886662404069,-6.20761093604854e-05,PLACE_OBJECT,OBJECT_DELIVERY_SEQUENCE,target,box,0.04,0.04,0.04,1.0,0.1,0.2,0.9,1.0,-0.25,0.0,0.02,0.13,0.001,-0.23819730740234424,0.0666110338884834,0.01998986726833675,1.1,0.7,0.4,-0.3,3.0,0.001,ee,False,-0.6,0.0,0.05,goal_sequence,target,0.15000000596046448,0.0,0.019999999552965164,goal_sequence,True,True,True,ERR_19,LIFT_OBJECT,D,False
1,48,1,1,0,37,1,0,1,0,39,0,9.44050384532602e-08,0.4004349708557129,0.39387086033821106,False,0,-0.39387086033821106,False,0.14855805039405823,-6.029189898981713e-05,0.09950915724039078,-0.0007369579398073256,-5.03909177496098e-05,-0.0477207712829113,-0.23819740116596222,0.0666109174489975,0.019989866763353348,3.1415793895721436,4.677855031332001e-06,-0.41238147020339966,-2.2878994059283286e-06,-2.9795542104693595e-06,-6.473297592402005e-12,0.15000000596046448,0.0,0.019999999552965164,0.0,0.0,-0.15000000596046448,-1.0,-5.478585095674638e-05,0.9006886270834661,-3.4862300982066885e-05,-1.2823777135052294,2.609603212111482e-05,2.1830293524405535,0.7853124057353803,-1.2589713829766263e-06,0.07333608288266061,-9.64415424584298e-05,0.0012454044290777233,0.00011018361905272382,0.07518205871263206,-6.155226731626058e-05,PLACE_OBJECT,OBJECT_DELIVERY_SEQUENCE,target,box,0.04,0.04,0.04,1.0,0.1,0.2,0.9,1.0,-0.25,0.0,0.02,0.13,0.001,-0.23819739891868802,0.06661091470606724,0.019989867268078224,1.1,0.7,0.4,-0.3,3.0,0.001,ee,False,-0.6,0.0,0.05,goal_sequence,target,0.15000000596046448,0.0,0.019999999552965164,goal_sequence,True,True,True,ERR_19,LIFT_OBJECT,D,False
1,49,1,1,0,37,1,0,1,0,39,0,9.353084351459984e-08,0.3990190327167511,0.39387091994285583,False,0,-0.39387091994285583,False,0.14837753772735596,-6.469581421697512e-05,0.09299883246421814,-0.00131345191039145,-4.402229023980908e-05,-0.048705123364925385,-0.23819749057292938,0.06661079823970795,0.019989866763353348,3.1415793895721436,4.677859124058159e-06,-0.4123843014240265,-2.2878803065395914e-06,-2.9795412501698593e-06,-6.462566592979613e-12,0.15000000596046448,0.0,0.019999999552965164,0.0,0.0,-0.15000000596046448,-1.0,-5.7981129282629455e-05,0.9107716714917675,-3.8625450405042666e-05,-1.2819773273482271,3.021913041805487e-05,2.192743930858931,0.7853044703221875,-1.0019866419547002e-06,0.07542461745861927,-8.679437667396075e-05,0.00260534917459071,0.00011190371946837377,0.07469581625086184,-6.0230182418338774e-05,PLACE_OBJECT,OBJECT_DELIVERY_SEQUENCE,target,box,0.04,0.04,0.04,1.0,0.1,0.2,0.9,1.0,-0.25,0.0,0.02,0.13,0.001,-0.23819749043426666,0.06661079552417333,0.019989867267819723,1.1,0.7,0.4,-0.3,3.0,0.001,ee,False,-0.6,0.0,0.05,goal_sequence,target,0.15000000596046448,0.0,0.019999999552965164,goal_sequence,True,True,True,ERR_19,LIFT_OBJECT,D,False
1,50,1,1,0,37,1,0,1,0,39,0,9.48864595784471e-08,0.3976548910140991,0.393871009349823,False,0,-0.393871009349823,False,0.1481487900018692,-6.90523229422979e-05,0.08647070825099945,-0.0012493213871493936,-3.681341331684962e-05,-0.04756111651659012,-0.23819757997989655,0.0666106790304184,0.019989866763353348,3.1415793895721436,4.677862762036966e-06,-0.41238710284233093,-2.287861207150854e-06,-2.9795280624966836e-06,-6.456293832890481e-12,0.15000000596046448,0.0,0.019999999552965164,0.0,0.0,-0.15000000596046448,-1.0,-6.121350962080969e-05,0.9209767517540325,-4.225385538803887e-05,-1.2813837364033476,3.436201689183663e-05,2.202343124227155,0.7852965747010607,-2.2408559295878728e-06,0.07470296360825254,-7.363721243706413e-05,0.004103442618998074,0.00011109971596476483,0.07380861405087076,-5.9939393854565454e-05,PLACE_OBJECT,OBJECT_DELIVERY_SEQUENCE,target,box,0.04,0.04,0.04,1.0,0.1,0.2,0.9,1.0,-0.25,0.0,0.02,0.13,0.001,-0.23819758194908017,0.06661067634280167,0.019989867267561193,1.1,0.7,0.4,-0.3,3.0,0.001,ee,False,-0.6,0.0,0.05,goal_sequence,target,0.15000000596046448,0.0,0.019999999552965164,goal_sequence,True,True,True,ERR_19,LIFT_OBJECT,D,False
1,51,1,1,0,37,1,0,1,0,39,0,9.423690983112465e-08,0.39637142419815063,0.3938710391521454,False,0,-0.3938710391521454,False,0.1478928178548813,-7.330888183787465e-05,0.07997072488069534,-0.0018923829775303602,-3.48039175150916e-05,-0.04869450628757477,-0.2381976693868637,0.06661055982112885,0.019989866763353348,3.1415793895721436,4.677866400015773e-06,-0.41238993406295776,-2.287842107762117e-06,-2.9795151021971833e-06,-6.461033097426849e-12,0.15000000596046448,0.0,0.019999999552965164,0.0,0.0,-0.15000000596046448,-1.0,-6.447914361766761e-05,0.9312498931409737,-4.568041870828036e-05,-1.2806147769437923,3.8477819150116944e-05,2.2118821905003663,0.7852887323626931,-2.234856925329516e-06,0.07697924579651348,-7.055700276968027e-05,0.005442957493222142,0.00011327064952288031,0.07334629249368645,-5.9511714440505827e-05,PLACE_OBJECT,OBJECT_DELIVERY_SEQUENCE,target,box,0.04,0.04,0.04,1.0,0.1,0.2,0.9,1.0,-0.25,0.0,0.02,0.13,0.001,-0.23819767346312865,0.0666105571619522,0.01998986726730264,1.1,0.7,0.4,-0.3,3.0,0.001,ee,False,-0.6,0.0,0.05,goal_sequence,target,0.15000000596046448,0.0,0.019999999552965164,goal_sequence,True,True,True,ERR_19,LIFT_OBJECT,D,False
1,52,1,1,0,37,1,0,1,0,39,0,7.3625095353691e-08,0.39513900876045227,0.39387112855911255,False,0,-0.39387112855911255,False,0.1475866436958313,-7.753587851766497e-05,0.07344967871904373,-0.0017507305601611733,-2.674876304809004e-05,-0.047297075390815735,-0.23819775879383087,0.0666104406118393,0.019989866763353348,3.1415793895721436,4.67787003799458e-06,-0.4123927354812622,-2.2878230083733797e-06,-2.9795019145240076e-06,-6.457917534063995e-12,0.15000000596046448,0.0,0.019999999552965164,0.0,0.0,-0.15000000596046448,-1.0,-6.780897574910437e-05,0.9416483608560389,-4.8894763645998395e-05,-1.2796506786967123,4.2263352205142104e-05,2.2212995232091655,0.7852810283800636,1.7114588844215615e-06,0.07585018097973314,-6.50760875301607e-05,0.006842949499535067,0.00012909161530536527,0.07241019843100602,-5.8264500524448856e-05,PLACE_OBJECT,OBJECT_DELIVERY_SEQUENCE,target,box,0.04,0.04,0.04,1.0,0.1,0.2,0.9,1.0,-0.25,0.0,0.02,0.13,0.001,-0.238197764976412,0.06661043798162503,0.0199898672670441,1.1,0.7,0.4,-0.3,3.0,0.001,ee,False,-0.6,0.0,0.05,goal_sequence,target,0.15000000596046448,0.0,0.019999999552965164,goal_sequence,True,True,True,ERR_19,LIFT_OBJECT,D,False
1,53,1,1,0,36,1,0,1,0,39,0,9.419412094757718e-08,0.3939914405345917,0.3938712179660797,False,0,-0.3938712179660797,False,0.14725613594055176,-8.17044492578134e-05,0.06696481257677078,-0.0025043876376003027,-2.3147758838604204e-05,-0.04875361546874046,-0.23819786310195923,0.06661032140254974,0.019989866763353348,3.1415793895721436,4.677874130720738e-06,-0.41239556670188904,-2.2878039089846425e-06,-2.9794889542245073e-06,-6.4629586404851835e-12,0.15000000596046448,0.0,0.019999999552965164,0.0,0.0,-0.15000000596046448,-1.0,-7.113399323799701e-05,0.9521030893537975,-5.208967332485617e-05,-1.2785157400847418,4.6430042137805724e-05,2.2306605626949976,0.7852734518783939,-3.373906715947153e-06,0.07860605870807547,-5.0913881782467226e-05,0.008258764893092616,0.00011538996253372853,0.07197741831389318,-5.7447830458817566e-05,PLACE_OBJECT,OBJECT_DELIVERY_SEQUENCE,target,box,0.04,0.04,0.04,1.0,0.1,0.2,0.9,1.0,-0.25,0.0,0.02,0.13,0.001,-0.23819785648893027,0.06661031880182003,0.019989867266785564,1.1,0.7,0.4,-0.3,3.0,0.001,ee,False,-0.6,0.0,0.05,goal_sequence,target,0.15000000596046448,0.0,0.019999999552965164,goal_sequence,True,True,True,ERR_19,LIFT_OBJECT,D,False
1,54,1,1,0,36,1,0,1,0,39,0,7.475134111700754e-08,0.3928908705711365,0.3938712775707245,False,0,-0.3938712775707245,False,0.1468706578016281,-8.568629709770903e-05,0.06045083329081535,-0.0021697464399039745,-2.2881215045345016e-05,-0.04685927927494049,-0.2381979525089264,0.06661020219326019,0.019989866763353348,3.1415793895721436,4.677877768699545e-06,-0.41239839792251587,-2.2877848095959052e-06,-2.9794757665513316e-06,-6.461605556173922e-12,0.15000000596046448,0.0,0.019999999552965164,0.0,0.0,-0.15000000596046448,-1.0,-7.452041991317014e-05,0.9626906433525662,-5.485782626880045e-05,-1.277184766100289,5.020048614980772e-05,2.2398893470322943,0.7852658797211683,6.785031795499431e-07,0.07680359956314253,-5.7299210478862334e-05,0.009668874137325818,0.00013030698234223204,0.0709604608170852,-5.725185434684015e-05,PLACE_OBJECT,OBJECT_DELIVERY_SEQUENCE,target,box,0.04,0.04,0.04,1.0,0.1,0.2,0.9,1.0,-0.25,0.0,0.02,0.13,0.001,-0.23819794800068345,0.0666101996225373,0.01998986726652703,1.1,0.7,0.4,-0.3,3.0,0.001,ee,False,-0.6,0.0,0.05,goal_sequence,target,0.15000000596046448,0.0,0.019999999552965164,goal_sequence,True,True,True,ERR_19,LIFT_OBJECT,D,False
1,55,1,1,0,36,1,0,1,0,39,0,9.451929372517043e-08,0.39188289642333984,0.39387133717536926,False,0,-0.39387133717536926,False,0.1464674472808838,-8.969670307124034e-05,0.05398702993988991,-0.0031750511843711138,-1.5684972822782584e-05,-0.04894312843680382,-0.23819804191589355,0.06661008298397064,0.019989866763353348,3.1415793895721436,4.6778814066783525e-06,-0.4124011993408203,-2.287765710207168e-06,-2.9794628062518314e-06,-6.4638606966926915e-12,0.15000000596046448,0.0,0.019999999552965164,0.0,0.0,-0.15000000596046448,-1.0,-7.777053774264875e-05,0.9733166001049822,-5.78401160380439e-05,-1.2756883445076657,5.425491662896873e-05,2.2490735486972424,0.78525864374925,-3.2181881032178794e-06,0.08038143055679112,-3.909744746930118e-05,0.011037251980118151,0.00011638625046390787,0.0706177033211841,-5.482712158228452e-05,PLACE_OBJECT,OBJECT_DELIVERY_SEQUENCE,target,box,0.04,0.04,0.04,1.0,0.1,0.2,0.9,1.0,-0.25,0.0,0.02,0.13,0.001,-0.23819803951167154,0.06661008044377678,0.019989867266268495,1.1,0.7,0.4,-0.3,3.0,0.001,ee,False,-0.6,0.0,0.05,goal_sequence,target,0.15000000596046448,0.0,0.019999999552965164,goal_sequence,True,True,True,ERR_19,LIFT_OBJECT,D,False
1,56,1,1,0,36,1,0,1,0,39,0,7.531495782586717e-08,0.3909139037132263,0.39387139678001404,False,0,-0.39387139678001404,False,0.14600056409835815,-9.373229113407433e-05,0.047479305416345596,-0.002505954122170806,-4.38403412772459e-06,-0.0462057925760746,-0.23819813132286072,0.06660996377468109,0.019989866763353348,3.1415793895721436,4.67788504465716e-06,-0.41240403056144714,-2.2877463834447553e-06,-2.979449845952331e-06,-6.477561542705956e-12,0.15000000596046448,0.0,0.019999999552965164,0.0,0.0,-0.15000000596046448,-1.0,-8.112496638265535e-05,0.9840904890434516,-6.066264429486742e-05,-1.2739927675255436,5.794475573039933e-05,2.258106135610021,0.7852513142647488,-2.84616662362422e-07,0.0774447246038209,-2.7092991477936906e-05,0.012479225570165564,0.00013102150801958846,0.06945186866929312,-5.539406534873191e-05,PLACE_OBJECT,OBJECT_DELIVERY_SEQUENCE,target,box,0.04,0.04,0.04,1.0,0.1,0.2,0.9,1.0,-0.25,0.0,0.02,0.13,0.001,-0.23819813102189452,0.06660996126553848,0.019989867266009927,1.1,0.7,0.4,-0.3,3.0,0.001,ee,False,-0.6,0.0,0.05,goal_sequence,target,0.15000000596046448,0.0,0.019999999552965164,goal_sequence,True,True,True,ERR_19,LIFT_OBJECT,D,False
1,57,1,1,0,36,1,0,1,0,39,0,9.616791629696309e-08,0.39013150334358215,0.3938714563846588,False,0,-0.3938714563846588,False,0.14557933807373047,-9.744804992806166e-05,0.041612040251493454,-0.0041568404994904995,-1.4254135749069974e-05,-0.046621982008218765,-0.23819822072982788,0.06660984456539154,0.019989866763353348,3.1415793895721436,4.6778891373833176e-06,-0.4124068319797516,-2.287727284056018e-06,-2.9794366582791554e-06,-6.4650299003155e-12,0.15000000596046448,0.0,0.019999999552965164,0.0,0.0,-0.13739652931690216,-1.0,-8.450191454607464e-05,0.9939199267158563,-6.310318555456335e-05,-1.2723041518730418,6.207886575000899e-05,2.266350022102508,0.7852440153856725,-5.767434792246099e-06,0.07734593311241562,-3.288301265241128e-05,0.012542945497951014,0.00011239391739270577,0.06338750820319417,-5.522260778336417e-05,PLACE_OBJECT,OBJECT_DELIVERY_SEQUENCE,target,box,0.04,0.04,0.04,1.0,0.1,0.2,0.9,1.0,-0.25,0.0,0.02,0.13,0.001,-0.23819822253135242,0.06660984208782247,0.01998986726575138,1.1,0.7,0.4,-0.3,3.0,0.001,ee,False,-0.6,0.0,0.05,goal_sequence,target,0.15000000596046448,0.0,0.019999999552965164,goal_sequence,True,True,True,ERR_19,LIFT_OBJECT,D,False
1,58,1,1,0,36,1,0,1,0,39,0,1.7316180844773044e-07,0.3895605206489563,0.3938715159893036,False,0,-0.3938715159893036,False,0.1452285349369049,-0.00010087150440085679,0.03704684227705002,-0.0043510147370398045,-1.747882015479263e-05,-0.0387895405292511,-0.23819831013679504,0.06660972535610199,0.019989866763353348,3.1415793895721436,4.677892775362125e-06,-0.4124096632003784,-2.287708184667281e-06,-2.979423697979655e-06,-6.464696833408112e-12,0.15000000596046448,0.0,0.019999999552965164,0.0,0.0,-0.10806019604206085,-1.0,-8.730735459774674e-05,1.0016186543649883,-6.585150577849071e-05,-1.2708426184036878,6.685595340604936e-05,2.2726330545768527,0.7852371298767195,-1.895260901174184e-05,0.06427536783139796,-1.2550405491182034e-05,0.011175670059149032,4.864605855973807e-05,0.04831062874826048,-5.2831824929922694e-05,PLACE_OBJECT,OBJECT_DELIVERY_SEQUENCE,target,box,0.04,0.04,0.04,1.0,0.1,0.2,0.9,1.0,-0.25,0.0,0.02,0.13,0.001,-0.2381983140400452,0.06660972291062872,0.019989867265492844,1.1,0.7,0.4,-0.3,3.0,0.001,ee,False,-0.6,0.0,0.05,goal_sequence,target,0.15000000596046448,0.0,0.019999999552965164,goal_sequence,True,True,True,ERR_19,LIFT_OBJECT,D,False
1,59,1,1,0,36,1,0,1,0,39,0,2.0715401660709176e-07,0.38911986351013184,0.39387160539627075,False,0,-0.39387160539627075,False,0.1449238657951355,-0.00010410622780909762,0.03343963250517845,-0.003374136984348297,-1.6288769984385e-05,-0.03006334975361824,-0.2381983995437622,0.06660960614681244,0.019989866763353348,3.1415793895721436,4.677896413340932e-06,-0.41241246461868286,-2.2876890852785436e-06,-2.9794105103064794e-06,-6.464488666590995e-12,0.15000000596046448,0.0,0.019999999552965164,0.0,0.0,-0.08523421734571457,-1.0,-8.962011830575526e-05,1.0077285176994526,-6.881936225043837e-05,-1.2696061894080997,7.129659819260673e-05,2.2774694259004464,0.7852305325531974,-2.0831738392943026e-05,0.05033690685699876,-4.650668832780315e-06,0.009590406352064276,2.3967915220883193e-05,0.03719800447103562,-5.461688339868532e-05,PLACE_OBJECT,OBJECT_DELIVERY_SEQUENCE,target,box,0.04,0.04,0.04,1.0,0.1,0.2,0.9,1.0,-0.25,0.0,0.02,0.13,0.001,-0.2381984055479729,0.06660960373395713,0.019989867265234287,1.1,0.7,0.4,-0.3,3.0,0.001,ee,False,-0.6,0.0,0.05,goal_sequence,target,0.15000000596046448,0.0,0.019999999552965164,goal_sequence,True,True,True,ERR_19,LIFT_OBJECT,D,False
1,60,1,1,0,36,1,0,1,0,39,0,1.9751105639898014e-07,0.38878217339515686,0.3938716650009155,False,0,-0.3938716650009155,False,0.14466992020606995,-0.00010716013639466837,0.030584869906306267,-0.0024815078359097242,-1.72527816175716e-05,-0.023087771609425545,-0.23819850385189056,0.06660948693752289,0.019989866763353348,3.1415793895721436,4.677900051319739e-06,-0.4124152958393097,-2.2876699858898064e-06,-2.979397550006979e-06,-6.464839080733142e-12,0.15000000596046448,0.0,0.019999999552965164,0.0,0.0,-0.06719815731048584,-1.0,-9.171758011900979e-05,1.0125790273998132,-7.17043020552929e-05,-1.2685962684012515,7.532466268955227e-05,2.281266274077362,0.7852240810818388,-1.8622853842019643e-05,0.038998669335108455,-8.385661020820405e-06,0.007815313438701246,2.215518848113808e-05,0.029194234487695276,-4.967637648402648e-05,PLACE_OBJECT,OBJECT_DELIVERY_SEQUENCE,target,box,0.04,0.04,0.04,1.0,0.1,0.2,0.9,1.0,-0.25,0.0,0.02,0.13,0.001,-0.23819849705513554,0.06660948455780778,0.019989867264975734,1.1,0.7,0.4,-0.3,3.0,0.001,ee,False,-0.6,0.0,0.05,goal_sequence,target,0.15000000596046448,0.0,0.019999999552965164,goal_sequence,True,True,True,ERR_19,LIFT_OBJECT,D,False
1,61,1,1,0,36,1,0,1,0,39,0,1.9193618072677054e-07,0.38852518796920776,0.3938717842102051,False,0,-0.3938717842102051,False,0.14446410536766052,-0.00011009034642484039,0.028332501649856567,-0.0018941171001642942,-1.756074016157072e-05,-0.01797487959265709,-0.23819859325885773,0.06660936772823334,0.019989866763353348,3.1415793895721436,4.677904144045897e-06,-0.4124181270599365,-2.287650886501069e-06,-2.9793843623338034e-06,-6.450447814776439e-12,0.15000000596046448,0.0,0.019999999552965164,0.0,0.0,-0.05292435735464096,-1.0,-9.364740638153615e-05,1.01641589828208,-7.45628648239594e-05,-1.267785473409604,7.915281428685256e-05,2.284264142592985,0.7852180138454203,-1.713729655156512e-05,0.030517764845660038,-1.0425368380758185e-05,0.006280908660482976,2.1139199591744054e-05,0.023050827721428108,-4.672288211115226e-05,PLACE_OBJECT,OBJECT_DELIVERY_SEQUENCE,target,box,0.04,0.04,0.04,1.0,0.1,0.2,0.9,1.0,-0.25,0.0,0.02,0.13,0.001,-0.2381985885615331,0.0666093653821807,0.01998986726471718,1.1,0.7,0.4,-0.3,3.0,0.001,ee,False,-0.6,0.0,0.05,goal_sequence,target,0.15000000596046448,0.0,0.019999999552965164,goal_sequence,True,True,True,ERR_19,LIFT_OBJECT,D,False
1,62,1,1,0,36,1,0,1,0,39,0,1.8717783234478702e-07,0.3883272409439087,0.39387181401252747,False,0,-0.39387181401252747,False,0.14429719746112823,-0.00011293345596641302,0.02655475214123726,-0.0014179511927068233,-1.7362077414873056e-05,-0.013931572437286377,-0.2381986826658249,0.06660924851894379,0.019989866763353348,3.1415793895721436,4.677907782024704e-06,-0.41242092847824097,-2.287631787112332e-06,-2.979371402034303e-06,-6.469779573192724e-12,0.15000000596046448,0.0,0.019999999552965164,0.0,0.0,-0.041662510484457016,-1.0,-9.548197646042778e-05,1.0194484101619694,-7.736393430363841e-05,-1.267138274627139,8.275131357474737e-05,2.2866274538238973,0.7852122659858797,-1.5035591064714121e-05,0.023778322958149016,-1.3142672437702367e-05,0.005015858811394144,2.4924381221607186e-05,0.018181580015436585,-4.7766189311724584e-05,PLACE_OBJECT,OBJECT_DELIVERY_SEQUENCE,target,box,0.04,0.04,0.04,1.0,0.1,0.2,0.9,1.0,-0.25,0.0,0.02,0.13,0.001,-0.23819868006716557,0.06660924620707583,0.0199898672644586,1.1,0.7,0.4,-0.3,3.0,0.001,ee,False,-0.6,0.0,0.05,goal_sequence,target,0.15000000596046448,0.0,0.019999999552965164,goal_sequence,True,True,True,ERR_19,LIFT_OBJECT,D,False
1,63,1,1,0,36,1,0,1,0,39,0,1.8305070170754334e-07,0.3881736099720001,0.39387190341949463,False,0,-0.39387190341949463,False,0.14416219294071198,-0.00011570208152988926,0.025151310488581657,-0.0010355551494285464,-1.7561425920575857e-05,-0.010744448751211166,-0.23819877207279205,0.06660912930965424,0.019989866763353348,3.1415793895721436,4.677911420003511e-06,-0.4124237596988678,-2.2876126877235947e-06,-2.979358441734803e-06,-6.463010682189463e-12,0.15000000596046448,0.0,0.019999999552965164,0.0,0.0,-0.03277376666665077,-1.0,-9.723530470596707e-05,1.021843446084631,-8.014540368124246e-05,-1.2666258390865714,8.632700342812756e-05,2.288492684666978,0.7852066300265662,-1.5448117786119147e-05,0.01844351155100126,-1.2304614632860757e-05,0.003981812721926922,2.0508176723044863e-05,0.014341908211733347,-4.3393504947268104e-05,PLACE_OBJECT,OBJECT_DELIVERY_SEQUENCE,target,box,0.04,0.04,0.04,1.0,0.1,0.2,0.9,1.0,-0.25,0.0,0.02,0.13,0.001,-0.23819877157203304,0.0666091270324932,0.019989867264200056,1.1,0.7,0.4,-0.3,3.0,0.001,ee,False,-0.6,0.0,0.05,goal_sequence,target,0.15000000596046448,0.0,0.019999999552965164,goal_sequence,True,True,True,ERR_19,LIFT_OBJECT,D,False
1,64,1,1,0,36,1,0,1,0,39,0,1.748849882687864e-07,0.3880554437637329,0.393871933221817,False,0,-0.393871933221817,False,0.14405502378940582,-0.00011840666411444545,0.024047482758760452,-0.0008234556880779564,-1.8197537428932264e-05,-0.008447196334600449,-0.23819886147975922,0.06660901010036469,0.019989866763353348,3.1415793895721436,4.677915057982318e-06,-0.41242656111717224,-2.287593360961182e-06,-2.979345254061627e-06,-6.46110595581284e-12,0.15000000596046448,0.0,0.019999999552965164,0.0,0.0,-0.025756552815437317,-1.0,-9.892518532317321e-05,1.0237286470272369,-8.287852206516761e-05,-1.26622279115981,8.972911031436223e-05,2.289966294631135,0.7852011711621032,-1.3609176138045323e-05,0.014496141142892272,-1.5980146502213213e-05,0.0031108347050236573,2.413310525609287e-05,0.011330686207110016,-4.198566182684726e-05,PLACE_OBJECT,OBJECT_DELIVERY_SEQUENCE,target,box,0.04,0.04,0.04,1.0,0.1,0.2,0.9,1.0,-0.25,0.0,0.02,0.13,0.001,-0.2381988630761354,0.06660900785843281,0.019989867263941495,1.1,0.7,0.4,-0.3,3.0,0.001,ee,False,-0.6,0.0,0.05,goal_sequence,target,0.15000000596046448,0.0,0.019999999552965164,goal_sequence,True,True,True,ERR_19,LIFT_OBJECT,D,False
1,65,1,1,7,36,1,0,1,0,39,0,0.07027388364076614,0.388048380613327,0.39387205243110657,False,0,-0.39387205243110657,False,0.14404769241809845,-0.00011981722491327673,0.024028586223721504,-4.221186463837512e-05,-9.943829354597256e-06,-1.346704812021926e-05,-0.23819895088672638,0.06660889089107513,0.019989866763353348,3.1415793895721436,4.677919150708476e-06,-0.4124293923377991,-2.287574261572445e-06,-2.979332293762127e-06,-6.465772361963218e-12,0.15000000596046448,0.0,0.019999999552965164,0.0,0.0,0.0,1.0,-9.81191089241902e-05,1.023722177335853,-8.633883858247774e-05,-1.2662365017646224,9.226994610672948e-05,2.2899557275970563,0.7851992489324451,5.979332933090227e-06,-4.942256774709275e-05,-2.4981277673286474e-05,-9.992221306923121e-05,1.8355223760696884e-05,-8.124051416957649e-05,-1.4780158391625164e-05,PLACE_OBJECT,OBJECT_DELIVERY_SEQUENCE,target,box,0.04,0.04,0.04,1.0,0.1,0.2,0.9,1.0,-0.25,0.0,0.02,0.13,0.001,-0.2381989545794727,0.06660888868489462,0.019989867263682924,1.1,0.7,0.4,-0.3,3.0,0.001,ee,False,-0.6,0.0,0.05,goal_sequence,target,0.15000000596046448,0.0,0.019999999552965164,goal_sequence,True,True,True,ERR_19,LIFT_OBJECT,D,False
1,66,1,1,7,36,0,0,1,0,39,0,0.07881752401590347,0.38804444670677185,0.39387208223342896,False,0,-0.39387208223342896,False,0.14404349029064178,-0.00012092657561879605,0.024024413898587227,-3.2143892894964665e-05,-8.607500603829976e-06,-3.2337218726752326e-05,-0.23819904029369354,0.06660877168178558,0.019989866763353348,3.1415793895721436,4.677922788687283e-06,-0.4124321937561035,-2.2875551621837076e-06,-2.9793191060889512e-06,-6.474504959941285e-12,0.15000000596046448,0.0,0.019999999552965164,0.0,0.0,0.0,1.0,-9.735511254060575e-05,1.0237211616251767,-8.934044768793396e-05,-1.2662482378347975,9.501274052406227e-05,2.2899568125085,0.7851969205232149,5.881220055842045e-06,-7.804650698980953e-06,-2.3230128569712446e-05,-9.015567113580814e-05,2.1038547533843918e-05,8.344374498873292e-06,-1.7903301552379958e-05,PLACE_OBJECT,OBJECT_DELIVERY_SEQUENCE,target,box,0.04,0.04,0.04,1.0,0.1,0.2,0.9,1.0,-0.25,0.0,0.02,0.13,0.001,-0.23819904608204495,0.06660876951187869,0.019989867263424343,1.1,0.7,0.4,-0.3,3.0,0.001,ee,False,-0.6,0.0,0.05,goal_sequence,target,0.15000000596046448,0.0,0.019999999552965164,goal_sequence,True,True,True,ERR_19,LIFT_OBJECT,D,False
1,67,1,1,7,36,0,0,1,0,39,0,0.07985623180866241,0.3880422115325928,0.3938722014427185,False,0,-0.3938722014427185,False,0.1440410017967224,-0.0001219119512825273,0.024021925404667854,-1.8888320482801646e-05,-7.5520138125284575e-06,-1.8909897335106507e-05,-0.2381991446018219,0.06660865247249603,0.019989866763353348,3.1415793895721436,4.67792642666609e-06,-0.41243502497673035,-2.2875360627949703e-06,-2.979306145789451e-06,-6.4671427935092396e-12,0.15000000596046448,0.0,0.019999999552965164,0.0,0.0,0.0,1.0,-9.661956851465577e-05,1.0237191977023985,-9.213846926140991e-05,-1.2662582782263507,9.787670831375723e-05,2.2899614322186257,0.7851944292652282,5.653960790754378e-06,-1.5097606580742606e-05,-2.1497250663597288e-05,-7.714816909922678e-05,2.2008422748956077e-05,3.552151639110018e-05,-1.9155457037234314e-05,PLACE_OBJECT,OBJECT_DELIVERY_SEQUENCE,target,box,0.04,0.04,0.04,1.0,0.1,0.2,0.9,1.0,-0.25,0.0,0.02,0.13,0.001,-0.2381991375838521,0.066608650339385,0.01998986726316576,1.1,0.7,0.4,-0.3,3.0,0.001,ee,False,-0.6,0.0,0.05,goal_sequence,target,0.15000000596046448,0.0,0.019999999552965164,goal_sequence,True,True,True,ERR_19,LIFT_OBJECT,D,False
1,68,1,1,7,36,0,0,1,0,39,0,0.07998251169919968,0.38804060220718384,0.3938722610473633,False,0,-0.3938722610473633,False,0.14403913915157318,-0.00012283936666790396,0.024020066484808922,-1.4173551790008787e-05,-7.105719305400271e-06,-1.4204629223968368e-05,-0.23819923400878906,0.06660853326320648,0.019989866763353348,3.1415793895721436,4.677930064644897e-06,-0.4124378561973572,-2.287516963406233e-06,-2.9792931854899507e-06,-6.466386454073714e-12,0.15000000596046448,0.0,0.019999999552965164,0.0,0.0,0.0,1.0,-9.589989184227762e-05,1.0237169108516924,-9.484037161320633e-05,-1.2662677162175597,0.00010080056511169942,2.2899673327202654,0.785191866373857,5.531542614520507e-06,-1.758160956082111e-05,-2.0743427733166094e-05,-7.253264782048491e-05,2.2475866904901262e-05,4.5369352402641755e-05,-1.9706251147556288e-05,PLACE_OBJECT,OBJECT_DELIVERY_SEQUENCE,target,box,0.04,0.04,0.04,1.0,0.1,0.2,0.9,1.0,-0.25,0.0,0.02,0.13,0.001,-0.23819922908489422,0.06660853116741351,0.019989867262907187,1.1,0.7,0.4,-0.3,3.0,0.001,ee,False,-0.6,0.0,0.05,goal_sequence,target,0.15000000596046448,0.0,0.019999999552965164,goal_sequence,True,True,True,ERR_19,LIFT_OBJECT,D,False
1,69,1,1,7,36,0,0,1,0,39,0,0.07999786734580994,0.3880392014980316,0.39387232065200806,False,0,-0.39387232065200806,False,0.14403751492500305,-0.00012374052312225103,0.024018436670303345,-1.2466372027120087e-05,-6.9071652433194686e-06,-1.2500213415478356e-05,-0.23819932341575623,0.06660841405391693,0.019989866763353348,3.1415793895721436,4.677934157371055e-06,-0.4124406576156616,-2.287497864017496e-06,-2.979279997816775e-06,-6.470643465483761e-12,0.15000000596046448,0.0,0.019999999552965164,0.0,0.0,0.0,1.0,-9.518802370265456e-05,1.0237145070676565,-9.749808533977966e-05,-1.2662769359126387,0.00010375263088929356,2.289973696436331,0.7851892719146505,5.471601456890805e-06,-1.8481003472674284e-05,-2.0403351740341607e-05,-7.085901340241063e-05,2.269411006397548e-05,4.8931012060528245e-05,-1.994897843582335e-05,PLACE_OBJECT,OBJECT_DELIVERY_SEQUENCE,target,box,0.04,0.04,0.04,1.0,0.1,0.2,0.9,1.0,-0.25,0.0,0.02,0.13,0.001,-0.2381993205851713,0.06660841199596428,0.019989867262648616,1.1,0.7,0.4,-0.3,3.0,0.001,ee,False,-0.6,0.0,0.05,goal_sequence,target,0.15000000596046448,0.0,0.019999999552965164,goal_sequence,True,True,True,ERR_19,LIFT_OBJECT,D,False
1,70,1,1,7,36,0,0,1,0,39,0,0.07999785989522934,0.38803789019584656,0.3938724100589752,False,0,-0.3938724100589752,True,0.14403598010540009,-0.00012462979066185653,0.024016888812184334,-1.184832308354089e-05,-6.817699613748118e-06,-1.1883023034897633e-05,-0.2381994128227234,0.06660829484462738,0.019989866763353348,3.1415793895721436,4.6779377953498624e-06,-0.41244348883628845,-2.2874787646287587e-06,-2.9792670375172747e-06,-6.4681246469966425e-12,0.15000000596046448,0.0,0.019999999552965164,0.0,0.0,0.0,0.0,-9.447986751075633e-05,1.0237120610390646,-0.00010013560768703581,-1.2662860763527666,0.00010671768095255968,2.2899802275717307,0.785186663468046,5.443126416056898e-06,-1.88059209767083e-05,-2.024863853309592e-05,-7.025127320964969e-05,2.2794300144946683e-05,5.021830824657528e-05,-2.0056528515777217e-05,PLACE_OBJECT,OBJECT_DELIVERY_SEQUENCE,target,box,0.04,0.04,0.04,1.0,0.1,0.2,0.9,1.0,-0.25,0.0,0.02,0.13,0.001,-0.2381994120846833,0.06660829282503729,0.019989867262390038,1.1,0.7,0.4,-0.3,3.0,0.001,ee,False,-0.6,0.0,0.05,goal_sequence,target,0.15000000596046448,0.0,0.019999999552965164,goal_sequence,True,True,True,ERR_19,LIFT_OBJECT,D,False
