episode,step,object_available,task_started,gripper_width_cm,distance_ee_object_cm,grasp_completed,finger_contacts,grasp_attempts,object_lift_height_cm,distance_object_goal_cm,task_aborted,lateral_friction,fingers_width,dist_ee_to_cube,dist_cube_to_target,obstacle_in_path,obstacle_count_in_path,reward,is_success,ee_x,ee_y,ee_z,ee_vx,ee_vy,ee_vz,cube_x,cube_y,cube_z,cube_roll,cube_pitch,cube_yaw,cube_vx,cube_vy,cube_vz,target_x,target_y,target_z,action_x,action_y,action_z,action_gripper,j0,j1,j2,j3,j4,j5,j6,jv0,jv1,jv2,jv3,jv4,jv5,jv6,current_subtask,current_task,active_target_name,objects.object_1.type,objects.object_1.size.0,objects.object_1.size.1,objects.object_1.size.2,objects.object_1.mass,objects.object_1.color.0,objects.object_1.color.1,objects.object_1.color.2,objects.object_1.color.3,objects.object_1.initial_position.0,objects.object_1.initial_position.1,objects.object_1.initial_position.2,objects.object_1.spinning_friction,objects.object_1.current_position.0,objects.object_1.current_position.1,objects.object_1.current_position.2,scene.table.length,scene.table.width,scene.table.height,scene.table.x_offset,scene.table.lateral_friction,scene.table.spinning_friction,robot_config.control_type,robot_config.block_gripper,robot_config.base_position.0,robot_config.base_position.1,robot_config.base_position.2,target_goal.type,target_goal.targets.0.name,target_goal.targets.0.position.0,target_goal.targets.0.position.1,target_goal.targets.0.position.2,target_goal.mode,scripts.script_1,scripts.reach_only,scripts.left_right,active_state,active_scenario_name,active_scenario_type,sat
1,2,1,1,7,25,0,0,0,0,40,0,0.13,0.07881755381822586,0.28059694170951843,0.40000075101852417,False,0,-0.40000075101852417,False,-0.022480323910713196,2.3290764147532173e-05,0.18421216309070587,-0.36926957964897156,0.0001258005650015548,-0.07556977868080139,-0.2500007450580597,8.244177251981455e-07,0.019989432767033577,4.509997779678088e-06,-3.5660701541928574e-05,-8.48362014949089e-06,-1.391017690366425e-06,1.1268277376075275e-05,-9.600078101357212e-07,0.15000000596046448,0.0,0.019999999552965164,-0.9848915934562683,-4.330346200731583e-05,-0.1731720119714737,1.0,-0.0006454457309169628,0.2683278810100903,0.0007010113032633829,-2.1077742965864212,-0.0002600347487305869,2.3756299634490805,0.7856714120186665,-0.0006832954133602093,-0.7571207627033231,0.0008104217040212081,-1.3320478991008662,2.4340176974991384e-05,0.43891502267501237,-0.003774266643069569,APPROACH_OBJECT,OBJECT_DELIVERY_SEQUENCE,target,box,0.04,0.04,0.04,1,0.1,0.2,0.9,1.0,-0.25,0.0,0.02,0.001,-0.2500007504158555,8.244176984337467e-07,0.019989433475159142,1.1,0.7,0.4,-0.3,3.0,0.001,ee,False,-0.6,0.0,0.05,goal_sequence,target,0.15000000596046448,0.0,0.019999999552965164,goal_sequence,True,True,True,S2,APPROACH_OBJECT,D,
1,3,1,1,7,22,0,0,0,0,40,0,0.13,0.079856276512146,0.2501492500305176,0.40000078082084656,False,0,-0.40000078082084656,False,-0.05558902770280838,3.697322972584516e-05,0.17740198969841003,-0.3892451822757721,0.0002255145227536559,-0.0653950572013855,-0.2500007748603821,1.2751467011185014e-06,0.019989416003227234,4.5101946852810215e-06,-3.6555909900926054e-05,-1.2719714504783042e-05,-6.124225819803542e-07,1.1268193702562712e-05,-1.8096928044997185e-07,0.15000000596046448,0.0,0.019999999552965164,-0.9854636788368225,-9.730892634252086e-05,-0.16988614201545715,1.0,-0.000676852349607069,0.19721843842507403,0.0007464364790885755,-2.234281956587732,-0.00021403062211941104,2.4311386375122455,0.7855969100067268,-0.0002421149390447663,-0.8030163226686189,0.0006218652971860107,-1.3457039836083946,0.0003580322028856973,0.4268097501616014,-0.0005728511845992657,APPROACH_OBJECT,OBJECT_DELIVERY_SEQUENCE,target,box,0.04,0.04,0.04,1,0.1,0.2,0.9,1.0,-0.25,0.0,0.02,0.001,-0.2500007855749166,1.2751467347975933e-06,0.019989415568297347,1.1,0.7,0.4,-0.3,3.0,0.001,ee,False,-0.6,0.0,0.05,goal_sequence,target,0.15000000596046448,0.0,0.019999999552965164,goal_sequence,True,True,True,S2,APPROACH_OBJECT,D,
1,4,1,1,7,19,0,0,0,0,40,0,0.13,0.07998256385326385,0.21994276344776154,0.40000081062316895,False,0,-0.40000081062316895,False,-0.08968515694141388,5.3241001296555623e-05,0.1705673336982727,-0.40075159072875977,0.00026492049801163375,-0.0701165571808815,-0.25000080466270447,1.7258736306757783e-06,0.019989412277936935,4.510233793553198e-06,-3.6724668461829424e-05,-1.6955564206000417e-05,-4.6563098976548645e-07,1.1268158232269343e-05,-3.4116578007115095e-08,0.15000000596046448,0.0,0.019999999552965164,-0.98638516664505,-0.00018112103862222284,-0.16445139050483704,1.0,-0.0006975170970684634,0.12630500067151362,0.0007954818684197123,-2.3582495102312695,-0.00015391604570628856,2.4845697793319577,0.7855704272391508,-0.00015955217527541775,-0.8023936103108048,0.0007519584180329568,-1.3278089946203382,0.0004670033139032286,0.4108353191668705,-0.00020362785355665554,APPROACH_OBJECT,OBJECT_DELIVERY_SEQUENCE,target,box,0.04,0.04,0.04,1,0.1,0.2,0.9,1.0,-0.25,0.0,0.02,0.001,-0.25000080621045623,1.7258736698106592e-06,0.019989412192645828,1.1,0.7,0.4,-0.3,3.0,0.001,ee,False,-0.6,0.0,0.05,goal_sequence,target,0.15000000596046448,0.0,0.019999999552965164,goal_sequence,True,True,True,S2,APPROACH_OBJECT,D,
1,5,1,1,7,16,0,0,0,0,40,0,0.13,0.07999791949987411,0.19003336131572723,0.40000084042549133,False,0,-0.40000084042549133,False,-0.1251048743724823,6.716037751175463e-05,0.16321536898612976,-0.38102614879608154,0.0006742968689650297,-0.04941897839307785,-0.25000083446502686,2.1765995370515157e-06,0.019989412277936935,4.5102428885002155e-06,-3.675648622447625e-05,-2.119144846801646e-05,-4.3793721715701395e-07,1.1268131856922992e-05,-6.434137667099549e-09,0.15000000596046448,0.0,0.019999999552965164,-0.9875102043151855,-0.0003173222066834569,-0.15755456686019897,1.0,-0.0007128470360316962,0.05545577771507068,0.0008496406330948499,-2.4805651021928767,-7.686749180054173e-05,2.535220621189639,0.7855409579998638,-0.00011951185410102871,-0.8109525837529391,0.0017438220378591836,-1.2507477230343746,0.000603215258193469,0.38945609355619154,-0.00022659104358946358,APPROACH_OBJECT,OBJECT_DELIVERY_SEQUENCE,target,box,0.04,0.04,0.04,1,0.1,0.2,0.9,1.0,-0.25,0.0,0.02,0.001,-0.25000082410733043,2.1765994240189325e-06,0.019989411556199578,1.1,0.7,0.4,-0.3,3.0,0.001,ee,False,-0.6,0.0,0.05,goal_sequence,target,0.15000000596046448,0.0,0.019999999552965164,goal_sequence,True,True,True,S2,APPROACH_OBJECT,D,
1,6,1,1,7,13,0,0,0,0,40,0,0.13,0.07999978214502335,0.16288572549819946,0.40000084042549133,False,0,-0.40000084042549133,False,-0.16071924567222595,6.98372459737584e-05,0.15622654557228088,-0.408211350440979,0.0007701098220422864,-0.06678381562232971,-0.25000083446502686,2.627324192872038e-06,0.019989412277936935,4.510246526479023e-06,-3.6762492527486756e-05,-2.5427420041523874e-05,-4.3269400862300245e-07,1.1268107300566044e-05,-1.2158488660318767e-09,0.15000000596046448,0.0,0.019999999552965164,-0.9895192980766296,-0.0005148501950316131,-0.14439962804317474,1.0,-0.0007232392721754065,-0.016350408136720243,0.0008899709830166256,-2.6004105709464254,2.3993276238345467e-05,2.5838880274574163,0.7854882992134753,-8.020491533602698e-05,-0.8300492043530394,0.002253826579811531,-1.283656279638043,0.0007748031929105722,0.3742040245399334,-0.000404897094402612,APPROACH_OBJECT,OBJECT_DELIVERY_SEQUENCE,target,box,0.04,0.04,0.04,1,0.1,0.2,0.9,1.0,-0.25,0.0,0.02,0.001,-0.25000084148704027,2.627324180841425e-06,0.01998941143610688,1.1,0.7,0.4,-0.3,3.0,0.001,ee,False,-0.6,0.0,0.05,goal_sequence,target,0.15000000596046448,0.0,0.019999999552965164,goal_sequence,True,True,True,S2,APPROACH_OBJECT,D,
1,7,1,1,7,11,0,0,0,0,40,0,0.13,0.07999999821186066,0.13962557911872864,0.4000008702278137,False,0,-0.4000008702278137,False,-0.19703467190265656,5.547591354115866e-05,0.14917874336242676,-0.4311763048171997,0.0003493164840620011,-0.08161059767007828,-0.25000086426734924,3.078047939197859e-06,0.019989412277936935,4.510249254963128e-06,-3.6763631214853376e-05,-2.9663488021469675e-05,-4.316827926231781e-07,1.1268083653703798e-05,-2.3218836575633617e-10,0.15000000596046448,0.0,0.019999999552965164,-0.9921720027923584,-0.0007468931144103408,-0.12487654387950897,1.0,-0.000723970991194091,-0.08969533809771256,0.0008936396059401601,-2.7181487428796665,0.00014963940236513174,2.6277679781293455,0.7853920903492331,-3.585262700354485e-06,-0.8521508246372542,0.001509587116095834,-1.3031411436491345,0.0009606435605194197,0.3373929542379943,-0.0007396138382328261,APPROACH_OBJECT,OBJECT_DELIVERY_SEQUENCE,target,box,0.04,0.04,0.04,1,0.1,0.2,0.9,1.0,-0.25,0.0,0.02,0.001,-0.25000085876834904,3.0780479764908263e-06,0.019989411413349322,1.1,0.7,0.4,-0.3,3.0,0.001,ee,False,-0.6,0.0,0.05,goal_sequence,target,0.15000000596046448,0.0,0.019999999552965164,goal_sequence,True,True,True,S2,APPROACH_OBJECT,D,
1,8,1,1,7,9,0,0,0,0,40,0,0.13,0.07999999821186066,0.1238332986831665,0.4000008702278137,False,0,-0.4000008702278137,False,-0.23363864421844482,2.2698477550875396e-05,0.14273697137832642,-0.4297321140766144,-6.549536919919774e-05,-0.07219149172306061,-0.25000086426734924,3.5287707760289777e-06,0.019989412277936935,4.510251983447233e-06,-3.676385313156061e-05,-3.389965422684327e-05,-4.314693740070652e-07,1.1268060006841552e-05,-4.674882703170624e-11,0.15000000596046448,0.0,0.019999999552965164,-0.996886134147644,-0.0009861898142844439,-0.07884825766086578,1.0,-0.0007091825355155727,-0.16760369161185742,0.0008407277339209116,-2.8336874646530474,0.000287887460440679,2.664829539747963,0.7852410804249941,0.00011778399831927121,-0.9250549912782835,0.0004396841652732056,-1.291974795291863,0.0010558428686067945,0.28496651515646193,-0.0011611211831718572,APPROACH_OBJECT,OBJECT_DELIVERY_SEQUENCE,target,box,0.04,0.04,0.04,1,0.1,0.2,0.9,1.0,-0.25,0.0,0.02,0.001,-0.2500008760301956,3.528770818098008e-06,0.019989411408939943,1.1,0.7,0.4,-0.3,3.0,0.001,ee,False,-0.6,0.0,0.05,goal_sequence,target,0.15000000596046448,0.0,0.019999999552965164,goal_sequence,True,True,True,S2,APPROACH_OBJECT,D,
1,9,1,1,7,9,0,0,0,0,40,0,0.13,0.07999999821186066,0.12139910459518433,0.4000009000301361,False,0,-0.4000009000301361,False,-0.2713768780231476,-2.406898966000881e-05,0.1394917517900467,-0.37389689683914185,-0.00033949551288969815,0.026130162179470062,-0.25000089406967163,3.979492703365395e-06,0.019989412277936935,4.510254257183988e-06,-3.676390406326391e-05,-3.813591683865525e-05,-4.3140630623383913e-07,1.1268036359979305e-05,-1.1797032101190652e-11,0.15000000596046448,0.0,0.019999999552965164,-0.9906566143035889,-0.0011606360785663128,0.13637511432170868,1.0,-0.0006826447599521476,-0.26435484592268627,0.000722028363067223,-2.945290009126884,0.000406833137434445,2.6724844167203274,0.7850450384396135,0.0002070264450597819,-1.302513061498905,-0.000605818072317363,-1.2276178002491125,0.0009101843904350164,0.05885763789201626,-0.0015073739311225,APPROACH_OBJECT,OBJECT_DELIVERY_SEQUENCE,target,box,0.04,0.04,0.04,1,0.1,0.2,0.9,1.0,-0.25,0.0,0.02,0.001,-0.25000089328746017,3.979492706986637e-06,0.019989411407989287,1.1,0.7,0.4,-0.3,3.0,0.001,ee,False,-0.6,0.0,0.05,goal_sequence,target,0.15000000596046448,0.0,0.019999999552965164,goal_sequence,True,True,True,S2,APPROACH_OBJECT,D,
1,10,1,1,7,8,0,0,0,0,40,0,0.13,0.07999999076128006,0.10796497017145157,0.4000009298324585,False,0,-0.4000009298324585,False,-0.25905323028564453,-2.1267132979119197e-05,0.12757422029972076,-0.4097110629081726,0.0004612062475644052,-1.0625571012496948,-0.250000923871994,4.43021372120711e-06,0.019989412277936935,4.510256985668093e-06,-3.6763922253157943e-05,-4.237228131387383e-05,-4.313715749049152e-07,1.1268011803622358e-05,-5.212327097714464e-12,0.15000000596046448,0.0,0.019999999552965164,0.2206217348575592,0.0002894885838031769,-0.9753593802452087,1.0,-0.0007142898627410314,-0.18398144947420575,0.000763437086907809,-2.9401698813358834,0.0003479031271941716,2.7943295432968545,0.7851130374492914,-0.00023154112382980154,3.6343380918933574,0.00013153911080967086,0.27021133394088637,-0.00045351589775995474,0.9368759314700963,0.0005250568448692044,APPROACH_OBJECT,OBJECT_DELIVERY_SEQUENCE,target,box,0.04,0.04,0.04,1,0.1,0.2,0.9,1.0,-0.25,0.0,0.02,0.001,-0.250000910542948,4.430213643272149e-06,0.019989411407690616,1.1,0.7,0.4,-0.3,3.0,0.001,ee,False,-0.6,0.0,0.05,goal_sequence,target,0.15000000596046448,0.0,0.019999999552965164,goal_sequence,True,True,True,S2,APPROACH_OBJECT,D,
1,11,1,1,7,4,0,0,0,0,40,0,0.13,0.07999999076128006,0.07002666592597961,0.4000007212162018,False,0,-0.4000007212162018,False,-0.2647992968559265,-1.1116425412183162e-05,0.0884346216917038,-0.27145957946777344,0.00035159659455530345,-0.6196615099906921,-0.2500007152557373,4.90338015879388e-06,0.019989490509033203,6.86149626005772e-09,-2.5524868760840036e-05,-4.5973214582772925e-05,2.2493180949823e-05,5.26768303643621e-07,2.196645255025942e-05,0.15000000596046448,0.0,0.019999999552965164,0.10895973443984985,0.00030931050423532724,-0.9940460920333862,1.0,-0.0007636979165262694,-0.028597925052938202,0.0007660342321656844,-2.9115217933709165,0.0002215084097847212,2.8606005474819853,0.7851956059266577,-0.00037759977437855537,2.1932465505031966,0.0001996691623457345,0.27818582426013755,-0.0009738154708753676,0.5095618681809672,0.0006348736521424097,APPROACH_OBJECT,OBJECT_DELIVERY_SEQUENCE,target,box,0.04,0.04,0.04,1,0.1,0.2,0.9,1.0,-0.25,0.0,0.02,0.001,-0.25000070043087186,4.903380098338324e-06,0.01998948963338307,1.1,0.7,0.4,-0.3,3.0,0.001,ee,False,-0.6,0.0,0.05,goal_sequence,target,0.15000000596046448,0.0,0.019999999552965164,goal_sequence,True,True,True,S2,APPROACH_OBJECT,D,
1,12,1,1,7,1,0,0,0,0,40,0,0.13,0.07999997586011887,0.039131492376327515,0.40000030398368835,False,0,-0.40000030398368835,False,-0.2567138671875,-1.7619397112866864e-05,0.058541182428598404,-0.1778106838464737,0.0002522648428566754,-0.5876243114471436,-0.2500002980232239,4.903496574115707e-06,0.019989904016256332,9.26738549067583e-17,-4.815630290977424e-06,-4.597328006639145e-05,4.187480499240337e-06,-1.9883446278345929e-10,4.187525973975426e-06,0.15000000596046448,0.0,0.019999999552965164,0.32243475317955017,0.00034904287895187736,-0.9465916156768799,1.0,-0.000750690208564182,0.11407731010482208,0.0006388164520469871,-2.874219880703603,-5.133585941935252e-05,2.9733840899791626,0.7853475166767682,9.727399439100372e-05,2.2019985118802605,-0.0007826639893283808,0.41898972733487283,-0.0021001385970566104,0.8672002568980559,0.0011680303231140898,APPROACH_OBJECT,OBJECT_DELIVERY_SEQUENCE,target,box,0.04,0.04,0.04,1,0.1,0.2,0.9,1.0,-0.25,0.0,0.02,0.001,-0.2500002862534305,4.903496398524369e-06,0.01998990368716314,1.1,0.7,0.4,-0.3,3.0,0.001,ee,False,-0.6,0.0,0.05,goal_sequence,target,0.15000000596046448,0.0,0.019999999552965164,goal_sequence,True,True,True,S2,APPROACH_OBJECT,D,
1,13,1,1,7,0,0,0,0,0,40,0,0.13,0.07999997586011887,0.009151069447398186,0.4000002145767212,False,0,-0.4000002145767212,False,-0.24476748704910278,1.1950625776080415e-05,0.02749735489487648,-0.10414102673530579,0.0002702799392864108,-0.6151332855224609,-0.2500002086162567,4.903495664621005e-06,0.0199899822473526,-1.7945686603404454e-10,-9.085395049623912e-07,-4.597336010192521e-05,7.900334821897559e-07,-1.926184350908855e-10,7.901911658336758e-07,0.15000000596046448,0.0,0.019999999552965164,0.4439268410205841,0.0014892991166561842,-0.8960617780685425,1.0,-0.0004580711886910128,0.26122469012808197,0.00037201195570228256,-2.8099200006815277,-0.0002611638918061516,3.054160614607471,0.7855706364031914,0.0022493143666231135,2.3163628221869765,-0.002179810858473826,0.8001936361510922,-0.001608274693463186,0.6210966967024942,0.0017155620967981861,APPROACH_OBJECT,OBJECT_DELIVERY_SEQUENCE,target,box,0.04,0.04,0.04,1,0.1,0.2,0.9,1.0,-0.25,0.0,0.02,0.001,-0.2500002081102265,4.903495591203585e-06,0.01998998182561259,1.1,0.7,0.4,-0.3,3.0,0.001,ee,False,-0.6,0.0,0.05,goal_sequence,target,0.15000000596046448,0.0,0.019999999552965164,goal_sequence,True,True,True,S2,APPROACH_OBJECT,D,
1,14,1,1,3,0,1,2,1,0,40,0,0.13,0.031742677092552185,0.0012263425160199404,0.4009801149368286,False,0,-0.400980144739151,False,-0.25094014406204224,4.9409104576625396e-06,0.020106736570596695,0.23468458652496338,-0.0004246154276188463,0.2803957164287567,-0.2509779632091522,-0.0006406214088201523,0.021148722618818283,-0.06648539751768112,0.008320193737745285,-0.031350232660770416,0.07423845678567886,-0.01223495788872242,0.08038926124572754,0.15000000596046448,0.0,0.019999999552965164,0.0,0.0,0.0,-1.0,-0.0003168968737214907,0.27755643858726686,0.0002122718513678261,-2.8173789255267785,-0.00034602215763670526,3.072771312871424,0.7856276513470887,0.0010978159242979665,-0.8141449779231794,-0.0018694876410573526,-0.08539846593761315,-0.0006505853753926601,0.14309214264417994,0.0004111767668873185,GRASP_OBJECT,OBJECT_DELIVERY_SEQUENCE,target,box,0.04,0.04,0.04,1,0.1,0.2,0.9,1.0,-0.25,0.0,0.02,0.001,-0.25097795418152563,-0.00064062139782534,0.021148721895963542,1.1,0.7,0.4,-0.3,3.0,0.001,ee,False,-0.6,0.0,0.05,goal_sequence,target,0.15000000596046448,0.0,0.019999999552965164,goal_sequence,True,True,True,S6,GRASP_OBJECT,D,True
1,15,1,1,2,0,1,2,1,0,40,0,0.13,0.024617047980427742,0.0018041551811620593,0.40067771077156067,False,0,-0.40067771077156067,False,-0.25024378299713135,3.4170686831203056e-06,0.021381760016083717,-0.009050685912370682,-0.0002446630096528679,-0.004575864411890507,-0.25067317485809326,-0.0016801628516986966,0.02089579962193966,0.00021705021208617836,-0.01051419135183096,-0.0160361435264349,-0.02430637925863266,-0.026343947276473045,-0.023976700380444527,0.15000000596046448,0.0,0.019999999552965164,0.0,0.0,0.0,-1.0,-0.0002314789725888744,0.2773109898952553,0.00012682672220280173,-2.8278577902754116,-0.0003816448945158434,3.1025742086892705,0.7856568190827905,0.000855146138058779,0.02657005274644727,-0.0014267436099718294,-0.08322668679909531,-0.0004678054561527926,0.22891089529280922,0.00046919121625330074,GRASP_OBJECT,OBJECT_DELIVERY_SEQUENCE,target,box,0.04,0.04,0.04,1,0.1,0.2,0.9,1.0,-0.25,0.0,0.02,0.001,-0.2506731615619739,-0.0016801628733546473,0.020895799720212226,1.1,0.7,0.4,-0.3,3.0,0.001,ee,False,-0.6,0.0,0.05,goal_sequence,target,0.15000000596046448,0.0,0.019999999552965164,goal_sequence,True,True,True,S6,GRASP_OBJECT,D,True
1,16,1,1,2,0,1,2,1,0,41,0,0.13,0.023568063974380493,0.006543150171637535,0.4131133258342743,False,0,-0.4131133258342743,False,-0.26420292258262634,2.2015610738890246e-05,0.033320169895887375,0.4560694396495819,-0.00042313701123930514,0.7834088206291199,-0.26304930448532104,-0.0016134383622556925,0.02709062211215496,0.045725252479314804,0.028270378708839417,-0.015094813890755177,-0.01034651231020689,0.017833417281508446,0.4554242193698883,0.15000000596046448,0.0,0.019999999552965164,0.0,0.0,1.0,-1.0,-0.00023731889620944024,0.1998351519433642,0.00021257195053817567,-2.853050126729779,-0.00031925869506494516,3.001184476881793,0.7856637958893171,-1.4014591324900197e-05,-2.6807686245692315,-0.00041015948296128403,-0.2992867037979342,0.0004914757864725328,-0.7795930535726161,4.4687696838612706e-05,LIFT_OBJECT,OBJECT_DELIVERY_SEQUENCE,target,box,0.04,0.04,0.04,1,0.1,0.2,0.9,1.0,-0.25,0.0,0.02,0.001,-0.2630493159442608,-0.0016134384063447567,0.02709062220673127,1.1,0.7,0.4,-0.3,3.0,0.001,ee,False,-0.6,0.0,0.05,goal_sequence,target,0.15000000596046448,0.0,0.019999999552965164,goal_sequence,True,True,True,S18,LIFT_OBJECT,D,True
1,17,1,1,2,0,1,2,1,3,41,0,0.13,0.026739507913589478,0.01519728172570467,0.41255906224250793,False,0,-0.41255906224250793,False,-0.260885089635849,4.034252560813911e-05,0.0656203106045723,0.06253740191459656,-0.0005692201666533947,0.35650748014450073,-0.2614298462867737,-0.0011678944574669003,0.050480931997299194,0.008248569443821907,-0.018350057303905487,-0.020052168518304825,0.1111169308423996,0.012903419323265553,0.39273351430892944,0.15000000596046448,0.0,0.019999999552965164,0.0,0.0,1.0,-1.0,-0.00023981107131978714,0.06927647551107487,0.00030783619374204587,-2.8963665662929308,-0.00022241913947251292,2.9591470986694897,0.7856533467575607,-5.439842701936842e-05,-1.4373687520048941,-0.0009500874741957648,-0.4376649651527121,0.001770398439021147,-0.3248856773005623,0.0016736210693482755,LIFT_OBJECT,OBJECT_DELIVERY_SEQUENCE,target,box,0.04,0.04,0.04,1,0.1,0.2,0.9,1.0,-0.25,0.0,0.02,0.001,-0.26142985228181354,-0.0011678945048618937,0.05048093126531684,1.1,0.7,0.4,-0.3,3.0,0.001,ee,False,-0.6,0.0,0.05,goal_sequence,target,0.15000000596046448,0.0,0.019999999552965164,goal_sequence,True,True,True,S18,LIFT_OBJECT,D,True
1,18,1,1,1,0,1,2,1,5,41,0,0.13,0.01818358525633812,0.01988983526825905,0.41550514101982117,False,0,-0.41550514101982117,False,-0.2611183822154999,8.090381925285328e-06,0.0907895565032959,0.2516205608844757,0.002675242954865098,0.5664196014404297,-0.2623487710952759,0.002270178869366646,0.07106711715459824,-0.22365334630012512,-0.0035212200600653887,0.029631344601511955,0.1878894716501236,0.4438169300556183,0.44432663917541504,0.15000000596046448,0.0,0.019999999552965164,0.0,0.0,1.0,-1.0,-0.00019517074844450143,-0.03915370655802145,0.0002396917027695727,-2.9042418363559857,-2.8249131192204978e-05,2.8515451875896654,0.7855705757550526,0.000366080997957958,-1.9337999571584492,0.008177988651078175,-0.07032128451607342,0.0014422596359051172,-0.8273308147283167,-0.0006325292943788665,LIFT_OBJECT,OBJECT_DELIVERY_SEQUENCE,target,box,0.04,0.04,0.04,1,0.1,0.2,0.9,1.0,-0.25,0.0,0.02,0.001,-0.262348776695202,0.002270178798693683,0.07106711962016067,1.1,0.7,0.4,-0.3,3.0,0.001,ee,False,-0.6,0.0,0.05,goal_sequence,target,0.15000000596046448,0.0,0.019999999552965164,goal_sequence,True,True,True,S18,LIFT_OBJECT,D,True
1,19,1,1,0,3,1,0,1,4,40,0,0.13,0.0022108035627752542,0.05522926151752472,0.4094417989253998,False,0,-0.4094417989253998,False,-0.25763681530952454,1.5982281183823943e-05,0.12060332298278809,0.11392595618963242,-8.889181481208652e-05,0.3938615024089813,-0.2564121186733246,0.014900123700499535,0.06743158400058746,-1.2059308290481567,0.16672785580158234,-0.08735973387956619,0.1448228508234024,0.29867318272590637,-0.30309954285621643,0.15000000596046448,0.0,0.019999999552965164,0.0,0.0,1.0,-1.0,-0.0001544487478339183,-0.15202437967602742,0.00022409163653677494,-2.9045379190226432,5.8696328205676926e-05,2.7473232253158884,0.7854141561680693,0.00029920109950366054,-1.3601257944748233,-0.000468793753432061,-0.007579903574223567,0.0006719144463065594,-0.8013813632265478,-0.0011940756751316344,LIFT_OBJECT,OBJECT_DELIVERY_SEQUENCE,target,box,0.04,0.04,0.04,1,0.1,0.2,0.9,1.0,-0.25,0.0,0.02,0.001,-0.25641211041493917,0.014900124035026295,0.06743158709350287,1.1,0.7,0.4,-0.3,3.0,0.001,ee,False,-0.6,0.0,0.05,goal_sequence,target,0.15000000596046448,0.0,0.019999999552965164,goal_sequence,True,True,True,S18,LIFT_OBJECT,D,True
1,20,1,1,0,8,1,0,1,2,40,0,0.13,0.0002687780070118606,0.10565470159053802,0.4024370014667511,False,0,-0.4024370014667511,False,-0.2546936273574829,1.4225728591554798e-05,0.14920328557491302,0.16794706881046295,0.0001448379916837439,0.5204618573188782,-0.25062671303749084,0.026831571012735367,0.0470895953476429,-2.1226649284362793,0.1648695021867752,-0.2596677839756012,0.14445386826992035,0.29791221022605896,-0.6942355036735535,0.15000000596046448,0.0,0.019999999552965164,0.0,0.0,1.0,-1.0,-0.0001338315383130163,-0.24877603395120518,0.0002050654280293104,-2.886582226036164,4.698571509148171e-05,2.62774458333477,0.7853753185789265,0.0002803181389874924,-1.5963588851514874,-4.896105510382497e-05,0.13939193009836767,0.0035783674518105827,-0.9190610294600352,-0.0005813157082163881,LIFT_OBJECT,OBJECT_DELIVERY_SEQUENCE,target,box,0.04,0.04,0.04,1,0.1,0.2,0.9,1.0,-0.25,0.0,0.02,0.001,-0.2506267020465577,0.026831571934253205,0.0470895948251,1.1,0.7,0.4,-0.3,3.0,0.001,ee,False,-0.6,0.0,0.05,goal_sequence,target,0.15000000596046448,0.0,0.019999999552965164,goal_sequence,True,True,True,S18,LIFT_OBJECT,D,True
1,21,1,1,0,13,1,0,1,0,39,0,0.13,3.267063220846467e-05,0.16437985002994537,0.39840272068977356,False,0,-0.39840275049209595,False,-0.2505863904953003,9.947269973054063e-06,0.1814989447593689,0.1127079501748085,0.00016344837786164135,0.4607070982456207,-0.24616122245788574,0.04211774095892906,0.02266542613506317,-3.045013666152954,-0.04822370409965515,-0.3401828408241272,0.10808394104242325,0.5179495215415955,-0.31796133518218994,0.15000000596046448,0.0,0.019999999552965164,0.0,0.0,1.0,-1.0,-0.00012048067453012021,-0.3424284643925156,0.00017964283646293043,-2.859887425062489,4.2882670327293104e-05,2.5112419350543513,0.7853652659519471,-1.8926359056062499e-06,-1.2965257568409798,-8.185772414127284e-05,0.22519731197409662,0.0037678358022022683,-0.8952494761953421,-0.0004887144610597791,LIFT_OBJECT,OBJECT_DELIVERY_SEQUENCE,target,box,0.04,0.04,0.04,1,0.1,0.2,0.9,1.0,-0.25,0.0,0.02,0.001,-0.24616122742994073,0.04211774273706842,0.022665426737614063,1.1,0.7,0.4,-0.3,3.0,0.001,ee,False,-0.6,0.0,0.05,goal_sequence,target,0.15000000596046448,0.0,0.019999999552965164,goal_sequence,True,True,True,S18,LIFT_OBJECT,D,True
1,22,1,1,0,13,1,0,1,0,39,0,0.13,3.979697794420645e-06,0.16080674529075623,0.39542487263679504,False,0,-0.39542487263679504,False,-0.24354369938373566,1.4913292943674605e-05,0.1717553585767746,-0.43006783723831177,-0.00021276934421621263,-1.094957709312439,-0.24142511188983917,0.05608976632356644,0.021057212725281715,3.076681137084961,-0.0042304773814976215,-0.4025271534919739,0.10328736156225204,0.28872349858283997,-0.05031803622841835,0.15000000596046448,0.0,0.019999999552965164,0.0,0.0,-1.0,-1.0,-0.00011654096588964715,-0.30713897326775713,0.00017131717367923773,-2.894481011983887,0.0002677594956562739,2.6458203231143385,0.7853665273961604,-8.461225552577022e-07,3.0402230280126004,2.9010044133464185e-05,-0.3103411374582075,-0.010086645440933358,1.0347862791300162,1.0708614439636222e-06,LIFT_OBJECT,OBJECT_DELIVERY_SEQUENCE,target,box,0.04,0.04,0.04,1,0.1,0.2,0.9,1.0,-0.25,0.0,0.02,0.001,-0.2414251177131279,0.05608976659242746,0.021057212513343422,1.1,0.7,0.4,-0.3,3.0,0.001,ee,False,-0.6,0.0,0.05,goal_sequence,target,0.15000000596046448,0.0,0.019999999552965164,goal_sequence,True,True,True,S18,LIFT_OBJECT,D,True
1,23,1,1,0,11,1,0,1,0,39,0,0.13,4.969199949300673e-07,0.13582557439804077,0.3939981460571289,False,0,-0.3939981460571289,False,-0.2426338493824005,8.215914931497537e-06,0.1394706666469574,1.1105793714523315,0.0006388124311342835,-0.05669547617435455,-0.23870131373405457,0.0643879622220993,0.019936703145503998,-3.139836311340332,-4.185430589132011e-05,-0.4123082160949707,0.03549438342452049,0.13000398874282837,0.002328934846445918,0.15000000596046448,0.0,0.019999999552965164,1.0,-3.789488255279139e-05,0.0,-1.0,-0.0001701527568476267,-0.14476930084804776,0.00022292292412197427,-2.7941365000444263,-5.7902679662514036e-05,2.5628806829869433,0.7853758045821575,-0.00043122462163617235,3.3246511852563967,0.0007798742498649676,3.6544567315480148,0.0070771608081936065,-0.6377296309849547,6.840312445910478e-05,TRANSPORT_OBJECT,OBJECT_DELIVERY_SEQUENCE,target,box,0.04,0.04,0.04,1,0.1,0.2,0.9,1.0,-0.25,0.0,0.02,0.001,-0.23870132110111597,0.06438796112666428,0.019936703983869528,1.1,0.7,0.4,-0.3,3.0,0.001,ee,False,-0.6,0.0,0.05,goal_sequence,target,0.15000000596046448,0.0,0.019999999552965164,goal_sequence,True,True,True,ERR_19,LIFT_OBJECT,D,False
1,24,1,1,7,10,1,0,1,0,39,0,0.13,0.07027389109134674,0.1344071924686432,0.39387091994285583,False,0,-0.39387091994285583,False,-0.2321312427520752,-7.132535984055721e-07,0.1365639865398407,-0.6979544758796692,0.0009297307697124779,0.05381007120013237,-0.23819804191589355,0.06660760939121246,0.01998003199696541,-3.1412665843963623,-1.93607093024184e-06,-0.412313848733902,0.00016662153939250857,0.0002816155320033431,0.00044927874114364386,0.15000000596046448,0.0,0.019999999552965164,0.0,0.0,0.0,1.0,-0.00015403809056726607,-0.13899798936266491,0.00015775758696132767,-2.81812826981514,0.00022211880676023315,2.6575002373761034,0.7853705160566345,0.0001399406000379016,-2.189198067942315,0.0034392594159239048,-2.464685766173033,-0.008121945682878802,0.7275267360538217,-4.066384292067404e-05,APPLY_VACUUM_ASSIST,VACUUM_ASSIST,target,box,0.04,0.04,0.04,1,0.1,0.2,0.9,1.0,-0.25,0.0,0.02,0.001,-0.23819804276202328,0.06660761040591277,0.019980032652573657,1.1,0.7,0.4,-0.3,3.0,0.001,ee,False,-0.6,0.0,0.05,goal_sequence,target,0.15000000596046448,0.0,0.019999999552965164,goal_sequence,True,True,True,ERR_19,LIFT_OBJECT,D,False
1,25,1,1,7,8,0,0,1,0,39,0,0.13,0.07881779223680496,0.11483781039714813,0.3938687741756439,False,0,-0.3938687741756439,False,-0.22900038957595825,0.022149426862597466,0.1254691779613495,-0.4243413805961609,0.28536200523376465,-0.9828897714614868,-0.23819498717784882,0.06661280244588852,0.019988413900136948,-3.141572952270508,3.6139819712843746e-05,-0.41231662034988403,2.9603617804241367e-05,5.068002064945176e-05,8.474293281324208e-05,0.15000000596046448,0.0,0.019999999552965164,-0.053495943546295166,0.5873399376869202,-0.8075703978538513,1.0,0.029067091608705353,-0.09452222926445057,0.03442965192338332,-2.841698736349666,0.010473813827292101,2.77959048134251,0.8435175560284415,0.38217047090032863,2.8820051462266507,0.4341934523204725,-0.0048386715586129555,0.07884607690576827,0.9387757406665111,0.44706930099014386,APPLY_VACUUM_ASSIST,VACUUM_ASSIST,target,box,0.04,0.04,0.04,1,0.1,0.2,0.9,1.0,-0.25,0.0,0.02,0.001,-0.23819498145314288,0.06661280004435803,0.0199884146225537,1.1,0.7,0.4,-0.3,3.0,0.001,ee,False,-0.6,0.0,0.05,goal_sequence,target,0.15000000596046448,0.0,0.019999999552965164,goal_sequence,True,True,True,ERR_19,LIFT_OBJECT,D,False
1,26,1,1,7,4,0,0,1,0,39,0,0.13,0.0798565000295639,0.07290522754192352,0.3938693106174469,False,0,-0.3938693106174469,False,-0.24104641377925873,0.0405723936855793,0.08802580088376999,-0.28369608521461487,0.15652374923229218,-0.5379577279090881,-0.23819540441036224,0.06661345064640045,0.019989728927612305,3.141584634780884,5.527562279894482e-06,-0.41231900453567505,-1.0036853382189292e-05,-5.052615961176343e-06,1.0967496564262547e-05,0.15000000596046448,0.0,0.019999999552965164,-0.09950317442417145,0.48117926716804504,-0.8709567189216614,1.0,0.052858832183067576,0.027129098437418647,0.06012269587556926,-2.8334245491419594,0.008112991022363498,2.841243139345048,0.891548668793815,0.2289799147633565,1.65711053314217,0.2207119049886373,0.07191598622627196,-0.018082304711862077,0.47405515335782145,0.3693242729941982,APPLY_VACUUM_ASSIST,VACUUM_ASSIST,target,box,0.04,0.04,0.04,1,0.1,0.2,0.9,1.0,-0.25,0.0,0.02,0.001,-0.2381953974099626,0.06661345349262834,0.019989729622435264,1.1,0.7,0.4,-0.3,3.0,0.001,ee,False,-0.6,0.0,0.05,goal_sequence,target,0.15000000596046448,0.0,0.019999999552965164,goal_sequence,True,True,True,ERR_19,LIFT_OBJECT,D,False
1,27,1,1,7,1,0,0,1,0,39,0,0.13,0.07998280227184296,0.04045214504003525,0.39386942982673645,False,0,-0.39386942982673645,False,-0.24293199181556702,0.058600641787052155,0.05935666337609291,-0.2499767392873764,0.15655043721199036,-0.5229464173316956,-0.238195538520813,0.06661336869001389,0.019989948719739914,3.1415910720825195,1.0255035931550083e-06,-0.41231903433799744,-1.3596370536106406e-06,-8.832492426336103e-07,2.2458268631453393e-06,0.15000000596046448,0.0,0.019999999552965164,0.056587669998407364,0.5168699622154236,-0.8541916012763977,1.0,0.08595048699094485,0.14089413172172321,0.06982706742461442,-2.819738437710938,-0.009674062933395688,2.9464146027286824,0.9508688864279478,0.34876824339542606,1.7328413117432921,0.06798983293217968,0.13885587541247757,-0.14854795528126272,0.8086805024025583,0.45611702183815384,APPLY_VACUUM_ASSIST,VACUUM_ASSIST,target,box,0.04,0.04,0.04,1,0.1,0.2,0.9,1.0,-0.25,0.0,0.02,0.001,-0.23819553402147486,0.06661336777883392,0.019989948346020928,1.1,0.7,0.4,-0.3,3.0,0.001,ee,False,-0.6,0.0,0.05,goal_sequence,target,0.15000000596046448,0.0,0.019999999552965164,goal_sequence,True,True,True,ERR_19,LIFT_OBJECT,D,False
1,28,1,1,7,0,0,0,1,0,39,0,0.13,0.07999804615974426,0.013115555979311466,0.39386945962905884,False,0,-0.39386945962905884,False,-0.2361125349998474,0.07330811023712158,0.031074168160557747,-0.11896689236164093,0.10936891287565231,-0.5284293293952942,-0.23819556832313538,0.06661335378885269,0.019989989697933197,3.141592264175415,1.3280974542340118e-07,-0.4123190939426422,-2.3821608863272559e-07,-2.5644214929343434e-07,4.4589921799342846e-07,0.15000000596046448,0.0,0.019999999552965164,0.27668774127960205,0.46807625889778137,-0.8392547369003296,1.0,0.13629593921728142,0.26674221833476636,0.04908440641872843,-2.7677881888252416,-0.03183278064786492,3.0202432030402244,1.0009262196191788,0.43422075819904826,1.8985168468666813,-0.1633496798172205,0.6114625505947066,-0.17424311225815042,0.5676820520959416,0.384889652904119,APPLY_VACUUM_ASSIST,VACUUM_ASSIST,target,box,0.04,0.04,0.04,1,0.1,0.2,0.9,1.0,-0.25,0.0,0.02,0.001,-0.23819556222269114,0.06661335067974825,0.019989989744320157,1.1,0.7,0.4,-0.3,3.0,0.001,ee,False,-0.6,0.0,0.05,goal_sequence,target,0.15000000596046448,0.0,0.019999999552965164,goal_sequence,True,True,True,ERR_19,LIFT_OBJECT,D,False
1,29,1,1,3,0,1,2,2,0,39,0,0.13,0.03376753255724907,0.008075357414782047,0.39360561966896057,False,0,-0.39360561966896057,False,-0.2393639236688614,0.07155446708202362,0.0269295796751976,0.19727914035320282,0.018032347783446312,0.25217294692993164,-0.23585079610347748,0.0776878371834755,0.023024313151836395,-3.139073610305786,-0.015935176983475685,-0.01796909049153328,0.1871918886899948,0.1941821277141571,0.25871437788009644,0.15000000596046448,0.0,0.019999999552965164,0.0,0.0,0.0,-1.0,0.15184739734461702,0.27294089727271925,0.030543667259638918,-2.7741776329228816,-0.0436708397289238,3.0332933993832674,1.0101826043941786,0.119577343600785,-0.7007022909248608,-0.1441587001231375,-0.06461029068574224,-0.10005551801005033,0.10051138563204406,0.07135133622035925,APPLY_VACUUM_ASSIST,VACUUM_ASSIST,target,box,0.04,0.04,0.04,1,0.1,0.2,0.9,1.0,-0.25,0.0,0.02,0.001,-0.23585079056688044,0.07768783701579347,0.023024313243107854,1.1,0.7,0.4,-0.3,3.0,0.001,ee,False,-0.6,0.0,0.05,goal_sequence,target,0.15000000596046448,0.0,0.019999999552965164,goal_sequence,True,True,True,ERR_19,LIFT_OBJECT,D,False
1,30,1,1,3,0,1,2,2,2,40,0,0.13,0.03474187105894089,0.015981942415237427,0.40195751190185547,False,0,-0.40195751190185547,False,-0.24746520817279816,0.07094575464725494,0.048190195113420486,0.498261034488678,0.08355671912431717,0.8551914095878601,-0.24189257621765137,0.08567787706851959,0.045482274144887924,3.136791229248047,0.0007265884196385741,0.024359306320548058,0.49562811851501465,0.2060924768447876,0.8704922199249268,0.15000000596046448,0.0,0.019999999552965164,0.0,0.0,1.0,-1.0,0.15236658858959512,0.173063603525097,0.03715534036446288,-2.8055390315113575,-0.03594949049445959,2.9466803154399845,1.0100583242802292,0.003981786993959598,-2.6379603429500134,0.05449195700650247,-0.1748632642759384,0.05932513540972037,-0.6657072135566972,-0.0007802425393602271,APPLY_VACUUM_ASSIST,VACUUM_ASSIST,target,box,0.04,0.04,0.04,1,0.1,0.2,0.9,1.0,-0.25,0.0,0.02,0.001,-0.24189257760936586,0.08567787927501824,0.045482273745074554,1.1,0.7,0.4,-0.3,3.0,0.001,ee,False,-0.6,0.0,0.05,goal_sequence,target,0.15000000596046448,0.0,0.019999999552965164,goal_sequence,True,True,True,ERR_19,LIFT_OBJECT,D,False
1,31,1,1,3,0,1,2,2,5,39,0,0.13,0.03691026568412781,0.019460279494524002,0.4025900065898895,False,0,-0.4025900065898895,False,-0.24330666661262512,0.07257160544395447,0.0827009305357933,0.09503572434186935,0.0184779055416584,0.42197611927986145,-0.23769503831863403,0.09088414162397385,0.07925663888454437,3.1361353397369385,-0.03239719197154045,-0.009734573774039745,0.09755363315343857,0.08718567341566086,0.4279980957508087,0.15000000596046448,0.0,0.019999999552965164,0.0,0.0,1.0,-1.0,0.15260254862721356,0.045456465220697254,0.0452000950692232,-2.8335615517803054,-0.018801844326830675,2.8793299433666775,1.0019659355944046,0.0017631929356654828,-1.5079870330848306,0.0579391186657283,-0.3023693596020211,0.1319230471653209,-0.5183199803610855,-0.06265710677639678,APPLY_VACUUM_ASSIST,VACUUM_ASSIST,target,box,0.04,0.04,0.04,1,0.1,0.2,0.9,1.0,-0.25,0.0,0.02,0.001,-0.23769503472566972,0.09088414276393521,0.07925664035879407,1.1,0.7,0.4,-0.3,3.0,0.001,ee,False,-0.6,0.0,0.05,goal_sequence,target,0.15000000596046448,0.0,0.019999999552965164,goal_sequence,True,True,True,ERR_19,LIFT_OBJECT,D,False
1,32,1,1,3,0,1,2,2,8,39,0,0.13,0.03472365066409111,0.014459983445703983,0.4041009247303009,False,0,-0.4041009247303009,False,-0.24317237734794617,0.07333800941705704,0.11009293794631958,0.2381800413131714,0.04716094583272934,0.6253337860107422,-0.2352774739265442,0.08511628210544586,0.10725852102041245,3.1387834548950195,-0.028955373913049698,0.026539016515016556,0.24207419157028198,-0.14711345732212067,0.6364020109176636,0.15000000596046448,0.0,0.019999999552965164,0.0,0.0,1.0,-1.0,0.1571914667204912,-0.056758158357193056,0.04723414480043562,-2.8310965628925513,0.0030173578013372913,2.762425778424663,0.987387924643994,0.035276678500967676,-1.914439554150301,0.014625225036903913,0.016849091944769752,0.16986389606725713,-0.8989902093629166,-0.11219116535994736,APPLY_VACUUM_ASSIST,VACUUM_ASSIST,target,box,0.04,0.04,0.04,1,0.1,0.2,0.9,1.0,-0.25,0.0,0.02,0.001,-0.2352774804046146,0.08511628059843468,0.1072585238690793,1.1,0.7,0.4,-0.3,3.0,0.001,ee,False,-0.6,0.0,0.05,goal_sequence,target,0.15000000596046448,0.0,0.019999999552965164,goal_sequence,True,True,True,ERR_19,LIFT_OBJECT,D,False
1,33,1,1,3,0,1,2,2,11,38,0,0.13,0.035343702882528305,0.011163636110723019,0.40703171491622925,False,0,-0.40703171491622925,False,-0.24029822647571564,0.0741463303565979,0.14226336777210236,0.14804719388484955,0.02922997996211052,0.5237269997596741,-0.23101238906383514,0.07948074489831924,0.13910995423793793,3.1240527629852295,-0.034750886261463165,-0.010518206283450127,0.1523875594139099,-0.13981641829013824,0.5339693427085876,0.15000000596046448,0.0,0.019999999552965164,0.0,0.0,1.0,-1.0,0.16132727102798328,-0.16312177225175922,0.04552994116843588,-2.824053831112323,0.014498001420240625,2.6553119570997192,0.9790493622302567,0.03180561671096841,-1.5733837104264456,-0.012613683270265559,0.052196404767122104,0.08832576638003242,-0.8237511662981342,-0.06412873419925953,APPLY_VACUUM_ASSIST,VACUUM_ASSIST,target,box,0.04,0.04,0.04,1,0.1,0.2,0.9,1.0,-0.25,0.0,0.02,0.001,-0.2310123874706208,0.07948074295648322,0.13910995829604755,1.1,0.7,0.4,-0.3,3.0,0.001,ee,False,-0.6,0.0,0.05,goal_sequence,target,0.15000000596046448,0.0,0.019999999552965164,goal_sequence,True,True,True,ERR_19,LIFT_OBJECT,D,False
1,34,1,1,3,0,1,2,2,15,38,0,0.13,0.03575333580374718,0.010849508456885815,0.41321760416030884,False,0,-0.41321760416030884,False,-0.23771750926971436,0.0747656300663948,0.17440268397331238,0.14788611233234406,0.02756706066429615,0.5869804620742798,-0.2273971289396286,0.07399380207061768,0.17114602029323578,3.14033842086792,-0.039218969643116,0.0023388487752527,0.15082482993602753,-0.13550537824630737,0.5963238477706909,0.15000000596046448,0.0,0.019999999552965164,0.0,0.0,1.0,-1.0,0.16373257750745185,-0.25581561640318357,0.043353275702931494,-2.800595343303019,0.019140285594330515,2.536959711958531,0.9752323532373117,0.018496090634499522,-1.6164445664788405,-0.01671695034754919,0.18302659496972515,0.044975028628466585,-0.910050000812914,-0.029337629307437895,APPLY_VACUUM_ASSIST,VACUUM_ASSIST,target,box,0.04,0.04,0.04,1,0.1,0.2,0.9,1.0,-0.25,0.0,0.02,0.001,-0.22739712944758816,0.07399380093026318,0.1711460204695192,1.1,0.7,0.4,-0.3,3.0,0.001,ee,False,-0.6,0.0,0.05,goal_sequence,target,0.15000000596046448,0.0,0.019999999552965164,goal_sequence,True,True,True,ERR_19,LIFT_OBJECT,D,False
1,35,1,1,3,0,1,2,2,16,34,0,0.13,0.036474015563726425,0.012619832530617714,0.38250187039375305,False,0,-0.38250187039375305,False,-0.20081424713134766,0.0670582577586174,0.18741272389888763,0.8006314635276794,-0.03593996539711952,-0.08365072309970856,-0.18904851377010345,0.06875534355640411,0.18317626416683197,-3.1388723850250244,-0.06989746540784836,0.005408454220741987,0.8017928600311279,-0.13267958164215088,-0.08195320516824722,0.15000000596046448,0.0,0.019999999552965164,0.981910228729248,-0.18934698402881622,0.0,-1.0,0.144658274028195,-0.19214784013717331,0.02212101066963543,-2.704082788079065,0.006308278080608899,2.535220807610044,0.9446434282511619,-0.23831484377015366,2.5284741386800187,-0.2118381004858256,2.4483227238889658,-0.09858390537667497,-0.01335949267697871,-0.23514095252351766,TRANSPORT_OBJECT,OBJECT_DELIVERY_SEQUENCE,target,box,0.04,0.04,0.04,1,0.1,0.2,0.9,1.0,-0.25,0.0,0.02,0.001,-0.18904850650680077,0.06875534162584271,0.18317626495892644,1.1,0.7,0.4,-0.3,3.0,0.001,ee,False,-0.6,0.0,0.05,goal_sequence,target,0.15000000596046448,0.0,0.019999999552965164,goal_sequence,True,True,True,ERR_19,LIFT_OBJECT,D,False
1,36,1,1,3,0,1,2,2,15,31,0,0.13,0.037294019013643265,0.012676779180765152,0.350279301404953,False,0,-0.350279301404953,False,-0.16707488894462585,0.05845491960644722,0.1819876730442047,0.3442329466342926,-0.08615017682313919,-0.0540086068212986,-0.15637031197547913,0.06352605670690536,0.17747144401073456,3.141075849533081,-0.03787200152873993,0.003358459798619151,0.34361889958381653,-0.1302187442779541,-0.05695820599794388,0.15000000596046448,0.0,0.019999999552965164,0.9815656542778015,-0.18762658536434174,-0.036401644349098206,-1.0,0.12935737224373067,-0.08020265763134492,0.004295817201969214,-2.5859720470232648,0.0007000347078052618,2.4972118026920613,0.9177945184293448,-0.13878636340993666,1.0905776008114212,-0.16283601776511053,1.1775294192868393,-0.04249321102575574,-0.2922949808699522,-0.2064693501142287,TRANSPORT_OBJECT,OBJECT_DELIVERY_SEQUENCE,target,box,0.04,0.04,0.04,1,0.1,0.2,0.9,1.0,-0.25,0.0,0.02,0.001,-0.1563703150178197,0.06352605818301313,0.17747144892896358,1.1,0.7,0.4,-0.3,3.0,0.001,ee,False,-0.6,0.0,0.05,goal_sequence,target,0.15000000596046448,0.0,0.019999999552965164,goal_sequence,True,True,True,ERR_19,LIFT_OBJECT,D,False
1,37,1,1,3,0,1,2,2,15,28,0,0.13,0.037787191569805145,0.01448584534227848,0.31848540902137756,False,0,-0.31848540902137756,False,-0.134958416223526,0.050032615661621094,0.17595267295837402,0.43136852979660034,-0.07332297414541245,-0.09298019111156464,-0.12410155683755875,0.05841369554400444,0.17129157483577728,3.140748977661133,-0.031343381851911545,0.0028144638054072857,0.431765615940094,-0.12761837244033813,-0.0933995321393013,0.15000000596046448,0.0,0.019999999552965164,0.9831555485725403,-0.1812514364719391,-0.02351880818605423,-1.0,0.11671923521029266,0.017424832822307522,-0.010014657233414862,-2.483242239369578,0.00016031450246094324,2.485801446970157,0.8917449070082543,-0.1323956036574471,1.2887205472888295,-0.11600608453622599,1.361803802800968,-0.004186694261522414,-0.08774464598714188,-0.20026516790388438,TRANSPORT_OBJECT,OBJECT_DELIVERY_SEQUENCE,target,box,0.04,0.04,0.04,1,0.1,0.2,0.9,1.0,-0.25,0.0,0.02,0.001,-0.12410155410667818,0.05841369406708187,0.1712915772271105,1.1,0.7,0.4,-0.3,3.0,0.001,ee,False,-0.6,0.0,0.05,goal_sequence,target,0.15000000596046448,0.0,0.019999999552965164,goal_sequence,True,True,True,ERR_19,LIFT_OBJECT,D,False
1,38,1,1,3,0,1,2,2,14,24,0,0.13,0.03815285861492157,0.016344362869858742,0.28664541244506836,False,0,-0.28664541244506836,False,-0.10263112187385559,0.042060140520334244,0.1690015345811844,0.39483222365379333,-0.0706307515501976,-0.10269297659397125,-0.09185183048248291,0.05340852960944176,0.16429418325424194,3.1409668922424316,-0.02904532663524151,0.0024397873785346746,0.3952050805091858,-0.12426593154668808,-0.10284948348999023,0.15000000596046448,0.0,0.019999999552965164,0.9849194288253784,-0.17293082177639008,-0.00535731203854084,-1.0,0.10490389986640244,0.1120351856866947,-0.02071698180045155,-2.3787289024891836,0.0031671525112778568,2.4734813273731433,0.8672250519745088,-0.12563053769952234,1.1681401650789773,-0.0767171533534858,1.2782610937484462,0.023072697305222906,-0.09486096918252836,-0.18855097316082928,TRANSPORT_OBJECT,OBJECT_DELIVERY_SEQUENCE,target,box,0.04,0.04,0.04,1,0.1,0.2,0.9,1.0,-0.25,0.0,0.02,0.001,-0.09185183149322568,0.05340852952079018,0.1642941810234996,1.1,0.7,0.4,-0.3,3.0,0.001,ee,False,-0.6,0.0,0.05,goal_sequence,target,0.15000000596046448,0.0,0.019999999552965164,goal_sequence,True,True,True,ERR_19,LIFT_OBJECT,D,False
1,39,1,1,3,0,1,2,2,13,21,0,0.13,0.03826858848333359,0.018282532691955566,0.2557918429374695,False,0,-0.2557918429374695,False,-0.07101591676473618,0.03451976180076599,0.1621011197566986,0.39592066407203674,-0.0658615380525589,-0.09703166782855988,-0.060236506164073944,0.0485152006149292,0.1573912352323532,3.1410741806030273,-0.028280889615416527,0.0023650636430829763,0.39638441801071167,-0.12163540720939636,-0.09666799008846283,0.15000000596046448,0.0,0.019999999552965164,0.986203134059906,-0.164191335439682,0.02108461782336235,-1.0,0.09315604686209925,0.2022709650963498,-0.028093314709878064,-2.271913983874012,0.008054484568651783,2.4558570904456487,0.8448131301427265,-0.12261837576429552,1.121515675641607,-0.048449508803012784,1.31774105112701,0.03753660470680115,-0.13563925351863304,-0.17236863541058256,TRANSPORT_OBJECT,OBJECT_DELIVERY_SEQUENCE,target,box,0.04,0.04,0.04,1,0.1,0.2,0.9,1.0,-0.25,0.0,0.02,0.001,-0.06023650544072514,0.04851520033958891,0.15739123592898846,1.1,0.7,0.4,-0.3,3.0,0.001,ee,False,-0.6,0.0,0.05,goal_sequence,target,0.15000000596046448,0.0,0.019999999552965164,goal_sequence,True,True,True,ERR_19,LIFT_OBJECT,D,False
1,40,1,1,3,0,1,2,2,13,18,0,0.13,0.03831156715750694,0.01934097707271576,0.22589749097824097,False,0,-0.22589749097824097,False,-0.0402061752974987,0.02746916189789772,0.15505655109882355,0.3688892126083374,-0.06247039511799812,-0.11136222630739212,-0.02948719449341297,0.042849257588386536,0.15029950439929962,3.1411314010620117,-0.026746314018964767,0.0023680448066443205,0.3691375255584717,-0.14644865691661835,-0.11116644740104675,0.15000000596046448,0.0,0.019999999552965164,0.9865309596061707,-0.15408308804035187,0.05490950495004654,-1.0,0.08149230924396367,0.2900816745205413,-0.03283509152384595,-2.1617999186573,0.013342730234936769,2.431871137617466,0.8252322490036547,-0.11706740802196763,1.0841702693006898,-0.02922929581996192,1.3070693592974092,0.041023196900370915,-0.18454736876973457,-0.15057833401264067,TRANSPORT_OBJECT,OBJECT_DELIVERY_SEQUENCE,target,box,0.04,0.04,0.04,1,0.1,0.2,0.9,1.0,-0.25,0.0,0.02,0.001,-0.02948719479441746,0.042849259377685536,0.15029950943232603,1.1,0.7,0.4,-0.3,3.0,0.001,ee,False,-0.6,0.0,0.05,goal_sequence,target,0.15000000596046448,0.0,0.019999999552965164,goal_sequence,True,True,True,ERR_19,LIFT_OBJECT,D,False
1,41,1,1,3,0,1,2,2,12,15,0,0.13,0.038325101137161255,0.01913018710911274,0.19774813950061798,False,0,-0.19774813950061798,False,-0.010586856864392757,0.020987197756767273,0.1485482007265091,0.35738641023635864,-0.05722395330667496,-0.09054546058177948,0.00011100056872237474,0.03612672537565231,0.14382436871528625,3.1410183906555176,-0.025274842977523804,0.002766165416687727,0.35771888494491577,-0.17258046567440033,-0.08980497717857361,0.15000000596046448,0.0,0.019999999552965164,0.9847549796104431,-0.14221616089344025,0.10016075521707535,-1.0,0.07026257829616538,0.37403118784151823,-0.035696700599416105,-2.049621258490514,0.018218115600498394,2.40227919309548,0.8087764115318254,-0.10935515280245028,1.0085121584661685,-0.016359101960563907,1.3145905807491975,0.03798380621038678,-0.2275538342362337,-0.12659465914249854,TRANSPORT_OBJECT,OBJECT_DELIVERY_SEQUENCE,target,box,0.04,0.04,0.04,1,0.1,0.2,0.9,1.0,-0.25,0.0,0.02,0.001,0.00011100056616700302,0.036126725313205814,0.1438243652559469,1.1,0.7,0.4,-0.3,3.0,0.001,ee,False,-0.6,0.0,0.05,goal_sequence,target,0.15000000596046448,0.0,0.019999999552965164,goal_sequence,True,True,True,ERR_19,LIFT_OBJECT,D,False
1,42,1,1,3,0,1,2,2,11,12,0,0.13,0.038322873413562775,0.01827762834727764,0.17225076258182526,False,0,-0.17225077748298645,False,0.01765897311270237,0.015171028673648834,0.14302818477153778,0.3317272663116455,-0.051176007837057114,-0.07140938192605972,0.028300315141677856,0.0292703565210104,0.1383332461118698,3.1411449909210205,-0.024054687470197678,0.002768313279375434,0.3320370316505432,-0.17086271941661835,-0.07045181095600128,0.15000000596046448,0.0,0.019999999552965164,0.9791689515113831,-0.1279681921005249,0.15764620900154114,-1.0,0.059897011205558924,0.4540299240608143,-0.037349982811246844,-1.9357860403542464,0.022266120590784914,2.367225794572593,0.7955135913746679,-0.09794044445217659,0.9239711542180405,-0.0087342201816491,1.2867654064659066,0.03158372298750583,-0.26961686306627,-0.1020295847223161,TRANSPORT_OBJECT,OBJECT_DELIVERY_SEQUENCE,target,box,0.04,0.04,0.04,1,0.1,0.2,0.9,1.0,-0.25,0.0,0.02,0.001,0.028300314482681596,0.029270357435583056,0.1383332412040812,1.1,0.7,0.4,-0.3,3.0,0.001,ee,False,-0.6,0.0,0.05,goal_sequence,target,0.15000000596046448,0.0,0.019999999552965164,goal_sequence,True,True,True,ERR_19,LIFT_OBJECT,D,False
1,43,1,1,3,0,1,2,2,11,9,0,0.13,0.03832254558801651,0.016891520470380783,0.15145471692085266,False,0,-0.15145471692085266,False,0.04431992024183273,0.010155712254345417,0.1402798742055893,0.3272053003311157,-0.04267966002225876,0.009490670636296272,0.054956112056970596,0.022474559023976326,0.13575871288776398,3.1413724422454834,-0.024840740486979485,0.0027486635372042656,0.32790306210517883,-0.169382244348526,0.011640341952443123,0.15000000596046448,0.0,0.019999999552965164,0.9670324921607971,-0.11085660755634308,0.22925743460655212,-1.0,0.05073910270154902,0.526741348006312,-0.03825901033072622,-1.822036588041896,0.02540194230315395,2.3269680489602123,0.7852942421649286,-0.083932143865265,0.7633005125092046,-0.004630324211523112,1.2714247981762885,0.024368966548603238,-0.3096337232632971,-0.07859995894888425,TRANSPORT_OBJECT,OBJECT_DELIVERY_SEQUENCE,target,box,0.04,0.04,0.04,1,0.1,0.2,0.9,1.0,-0.25,0.0,0.02,0.001,0.054956112563680465,0.022474559024459658,0.13575871596721287,1.1,0.7,0.4,-0.3,3.0,0.001,ee,False,-0.6,0.0,0.05,goal_sequence,target,0.15000000596046448,0.0,0.019999999552965164,goal_sequence,True,True,True,ERR_19,LIFT_OBJECT,D,False
1,44,1,1,3,0,1,2,2,11,7,0,0.13,0.03832560032606125,0.014996119774878025,0.1365482062101364,False,0,-0.1365482062101364,False,0.06915709376335144,0.00604957016184926,0.14041277766227722,0.2954651713371277,-0.03382410109043121,0.06713128834962845,0.07973863929510117,0.015726739540696144,0.1360233724117279,-3.1415634155273438,-0.02606077492237091,0.0025137749034911394,0.2962518334388733,-0.16823320090770721,0.06963585317134857,0.15000000596046448,0.0,0.019999999552965164,0.947668731212616,-0.09106967598199844,0.30599063634872437,-1.0,0.04304185429455107,0.5931697402147927,-0.038767779253843206,-1.7082856367965487,0.027629611863936244,2.2807726088664,0.7779178893287019,-0.06861133412606478,0.6153621722589834,-0.0022098189154613175,1.198251672028154,0.01731545485503909,-0.35530495316467947,-0.056727714712272614,TRANSPORT_OBJECT,OBJECT_DELIVERY_SEQUENCE,target,box,0.04,0.04,0.04,1,0.1,0.2,0.9,1.0,-0.25,0.0,0.02,0.001,0.07973863952632489,0.015726739594229266,0.13602337660293934,1.1,0.7,0.4,-0.3,3.0,0.001,ee,False,-0.6,0.0,0.05,goal_sequence,target,0.15000000596046448,0.0,0.019999999552965164,goal_sequence,True,True,True,ERR_19,LIFT_OBJECT,D,False
1,45,1,1,3,0,1,2,2,12,4,0,0.13,0.03833159804344177,0.012874459847807884,0.1301557868719101,False,0,-0.1301557868719101,False,0.09181933850049973,0.0029531605541706085,0.14492610096931458,0.2886383533477783,-0.023120244964957237,0.18346168100833893,0.10240105539560318,0.009018223732709885,0.140803724527359,-3.1413397789001465,-0.029277091845870018,0.0024872212670743465,0.2898620665073395,-0.1672857254743576,0.18719708919525146,0.15000000596046448,0.0,0.019999999552965164,0.9196504950523376,-0.06881852447986603,0.3866613805294037,-1.0,0.03688709699517628,0.6502006138208203,-0.039027012805540974,-1.5969694326257267,0.02911967687706181,2.229510576481819,0.7730845672498396,-0.05271779344101959,0.4140807139991518,-0.0008785514268437212,1.1563368221556336,0.011468531244977669,-0.39419882357369573,-0.037181836102095335,TRANSPORT_OBJECT,OBJECT_DELIVERY_SEQUENCE,target,box,0.04,0.04,0.04,1,0.1,0.2,0.9,1.0,-0.25,0.0,0.02,0.001,0.10240105514983368,0.00901822350734675,0.14080373040890987,1.1,0.7,0.4,-0.3,3.0,0.001,ee,False,-0.6,0.0,0.05,goal_sequence,target,0.15000000596046448,0.0,0.019999999552965164,goal_sequence,True,True,True,ERR_19,LIFT_OBJECT,D,False
1,46,1,1,3,0,1,2,2,13,2,0,0.13,0.038339972496032715,0.011326126754283905,0.132805734872818,False,0,-0.132805734872818,False,0.11240535229444504,0.0009298549266532063,0.15387903153896332,0.2617063522338867,-0.013190396130084991,0.28138381242752075,0.12295307219028473,0.002340598963201046,0.15000133216381073,-3.141160488128662,-0.03396092355251312,0.002489571226760745,0.2631908655166626,-0.1665482372045517,0.28577563166618347,0.15000000596046448,0.0,0.019999999552965164,0.8911328315734863,-0.04523252323269844,0.451482355594635,-1.0,0.03226987589646784,0.6991151625229484,-0.039116607387590804,-1.4875413542391636,0.0299936012776927,2.1735625848396287,0.7704904808179154,-0.038222427774794544,0.22324868061210174,0.0003402696394123764,1.0695728089063365,0.006718767182603511,-0.4302181427921136,-0.01994820032797877,TRANSPORT_OBJECT,OBJECT_DELIVERY_SEQUENCE,target,box,0.04,0.04,0.04,1,0.1,0.2,0.9,1.0,-0.25,0.0,0.02,0.001,0.12295307489538397,0.002340598867313062,0.15000133039914054,1.1,0.7,0.4,-0.3,3.0,0.001,ee,False,-0.6,0.0,0.05,goal_sequence,target,0.15000000596046448,0.0,0.019999999552965164,goal_sequence,True,True,True,ERR_19,LIFT_OBJECT,D,False
1,47,1,1,3,0,1,2,2,14,0,0,0.13,0.038348667323589325,0.011937274597585201,0.14367960393428802,False,0,-0.14367960393428802,False,0.13099966943264008,-2.595227851998061e-05,0.16698896884918213,0.24107015132904053,-0.003920556977391243,0.37460941076278687,0.1415349841117859,-0.004312412813305855,0.1633651703596115,-3.1409761905670166,-0.0405590757727623,0.0024969482328742743,0.24283941090106964,-0.16598595678806305,0.3797092139720917,0.15000000596046448,0.0,0.019999999552965164,0.8775172233581543,-0.02170424535870552,0.4790537655353546,-1.0,0.02901441031075527,0.7414388133127379,-0.039003104810192105,-1.3791562008656404,0.030452759012118497,2.114069560177638,0.7698120895504474,-0.02598674948353941,0.0710208728314757,0.0016302474598632701,1.0204453149892214,0.0035402879803105546,-0.4575064519922217,-0.0052125234558710095,TRANSPORT_OBJECT,OBJECT_DELIVERY_SEQUENCE,target,box,0.04,0.04,0.04,1,0.1,0.2,0.9,1.0,-0.25,0.0,0.02,0.001,0.14153498770382947,-0.0043124128866495704,0.16336517558530664,1.1,0.7,0.4,-0.3,3.0,0.001,ee,False,-0.6,0.0,0.05,goal_sequence,target,0.15000000596046448,0.0,0.019999999552965164,goal_sequence,True,True,True,ERR_19,LIFT_OBJECT,D,False
1,48,1,1,3,0,1,2,2,15,1,0,0.13,0.03836087882518768,0.015681983903050423,0.15674518048763275,False,0,-0.15674518048763275,False,0.14878511428833008,5.594825779553503e-05,0.18007612228393555,0.17330214381217957,0.0033335804473608732,0.1485203057527542,0.15922275185585022,-0.010948237963020802,0.17609012126922607,-3.1408143043518066,-0.04929327964782715,0.0025003585033118725,0.17390532791614532,-0.16571107506752014,0.15068449079990387,0.15000000596046448,0.0,0.019999999552965164,0.93159419298172,0.0012724510161206126,0.363497793674469,-1.0,0.026760926182127106,0.7878650850378863,-0.03846727056444402,-1.2666051381871575,0.030810362733832686,2.0570044049156015,0.7707422699452133,-0.017323021080675072,0.3898165872439817,0.004975656949572397,1.0271700406639648,0.0028472164207853454,-0.43916593193256953,0.0072228196168454325,TRANSPORT_OBJECT,OBJECT_DELIVERY_SEQUENCE,target,box,0.04,0.04,0.04,1,0.1,0.2,0.9,1.0,-0.25,0.0,0.02,0.001,0.1592227559452753,-0.010948238428442043,0.17609012357686066,1.1,0.7,0.4,-0.3,3.0,0.001,ee,False,-0.6,0.0,0.05,goal_sequence,target,0.15000000596046448,0.0,0.019999999552965164,goal_sequence,True,True,True,ERR_19,LIFT_OBJECT,D,False
1,49,1,1,3,0,1,2,2,15,1,0,0.13,0.038419757038354874,0.020755533128976822,0.1570211499929428,False,0,-0.1570211499929428,False,0.1486186534166336,0.00014323856157716364,0.18012095987796783,-0.0052985260263085365,0.002591886790469289,-0.004287744872272015,0.1586841493844986,-0.01748710684478283,0.17580252885818481,-3.1406874656677246,-0.046846792101860046,0.0026539377868175507,-0.005344180855900049,-0.13710808753967285,-0.004551725462079048,0.15000000596046448,0.0,0.019999999552965164,0.0,0.0,0.0,-1.0,0.026730296750861027,0.7880399618120104,-0.03830856368139024,-1.2663671618001107,0.03079032467175503,2.0543030530122097,0.7707124951342152,-0.0002860810470254767,0.002056978838437376,0.004407864709309845,-0.0018537300753537558,-0.0002122306061313698,-0.020678589345523628,-0.00017160433250238902,TRANSPORT_OBJECT,OBJECT_DELIVERY_SEQUENCE,target,box,0.04,0.04,0.04,1,0.1,0.2,0.9,1.0,-0.25,0.0,0.02,0.001,0.15868415317184387,-0.017487106827109557,0.17580252994905018,1.1,0.7,0.4,-0.3,3.0,0.001,ee,False,-0.6,0.0,0.05,goal_sequence,target,0.15000000596046448,0.0,0.019999999552965164,goal_sequence,True,True,True,ERR_19,LIFT_OBJECT,D,False
1,50,1,1,3,0,1,2,2,14,2,0,0.13,0.03848463296890259,0.022695444524288177,0.1499262899160385,False,0,-0.1499262899160385,False,0.14866897463798523,0.0002780991489998996,0.17288479208946228,-0.005806732457131147,0.0010501008946448565,-0.08439240604639053,0.15872788429260254,-0.019563278183341026,0.1683879792690277,-3.140678644180298,-0.045042213052511215,0.0026980750262737274,-0.006017880514264107,-0.015984205529093742,-0.08489228785037994,0.15000000596046448,0.0,0.019999999552965164,0.0,0.0,-0.15000000596046448,-1.0,0.026662300181529593,0.7980989237047544,-0.03792202475358697,-1.2679794557162398,0.030997379979824057,2.0643962230947603,0.7706944756426982,-0.0005348059911358559,0.11411260636542736,0.003293841243683217,-0.012387767322667645,0.001627766774893201,0.07762746556396749,-0.00015951551595598003,PLACE_OBJECT,OBJECT_DELIVERY_SEQUENCE,target,box,0.04,0.04,0.04,1,0.1,0.2,0.9,1.0,-0.25,0.0,0.02,0.001,0.15872787907528796,-0.019563278202845816,0.1683879768703834,1.1,0.7,0.4,-0.3,3.0,0.001,ee,False,-0.6,0.0,0.05,goal_sequence,target,0.15000000596046448,0.0,0.019999999552965164,goal_sequence,True,True,True,ERR_19,LIFT_OBJECT,D,False
1,51,1,1,3,0,1,2,2,14,2,0,0.13,0.038494814187288284,0.022929685190320015,0.14239604771137238,False,0,-0.14239604771137238,False,0.14878255128860474,0.0004169702879153192,0.16523203253746033,-0.00266164424829185,0.0009052295354194939,-0.07307245582342148,0.1588449627161026,-0.019693473353981972,0.16075001657009125,-3.1406795978546143,-0.044222548604011536,0.002705423627048731,-0.002786929253488779,-0.0012642416404560208,-0.07331474125385284,0.15000000596046448,0.0,0.019999999552965164,0.0,0.0,-0.15000000596046448,-1.0,0.026635711359928423,0.8084299610124862,-0.03755457338930098,-1.2699282979765352,0.03120367159841127,2.0759335189985575,0.7707546713868736,-0.00020150776936328507,0.09863306373270853,0.0027140513329615883,-0.015057632671254265,0.0016093620229709858,0.08868379068440262,0.0004705260570373529,PLACE_OBJECT,OBJECT_DELIVERY_SEQUENCE,target,box,0.04,0.04,0.04,1,0.1,0.2,0.9,1.0,-0.25,0.0,0.02,0.001,0.1588449649092833,-0.019693473923741645,0.16075001790385213,1.1,0.7,0.4,-0.3,3.0,0.001,ee,False,-0.6,0.0,0.05,goal_sequence,target,0.15000000596046448,0.0,0.019999999552965164,goal_sequence,True,True,True,ERR_19,LIFT_OBJECT,D,False
1,52,1,1,3,0,1,2,2,13,2,0,0.13,0.038486480712890625,0.022773046046495438,0.13472971320152283,False,0,-0.13472971320152283,False,0.1489277482032776,0.0005282594356685877,0.157516747713089,-0.0038118662778288126,0.00011947320308536291,-0.07870859652757645,0.158986434340477,-0.01940244249999523,0.15302212536334991,-3.1407105922698975,-0.0440276563167572,0.0026848844718188047,-0.003968222066760063,0.007321203593164682,-0.07894885540008545,0.15000000596046448,0.0,0.019999999552965164,0.0,0.0,-0.15000000596046448,-1.0,0.02661559890033788,0.818931607923402,-0.03723207343646105,-1.271961714155722,0.0314205350647013,2.088262913569981,0.7708235778863883,-0.00013055389286589683,0.10645591946162761,0.0015217675593295907,-0.015777329017093278,0.001677080128811197,0.094756484012567,0.0005718033545795594,PLACE_OBJECT,OBJECT_DELIVERY_SEQUENCE,target,box,0.04,0.04,0.04,1,0.1,0.2,0.9,1.0,-0.25,0.0,0.02,0.001,0.1589864327685876,-0.019402442302913134,0.15302212510044275,1.1,0.7,0.4,-0.3,3.0,0.001,ee,False,-0.6,0.0,0.05,goal_sequence,target,0.15000000596046448,0.0,0.019999999552965164,goal_sequence,True,True,True,ERR_19,LIFT_OBJECT,D,False
1,53,1,1,3,0,1,2,2,12,2,0,0.13,0.03847520425915718,0.022601431235671043,0.12706686556339264,False,0,-0.12706686556339264,False,0.14903880655765533,0.0006247771671041846,0.14978601038455963,-0.004213303327560425,0.00019479710317682475,-0.07856129854917526,0.1590961217880249,-0.019110403954982758,0.14529182016849518,-3.14072847366333,-0.04401187226176262,0.0026714056730270386,-0.004357296973466873,0.007259606849402189,-0.07879268378019333,0.15000000596046448,0.0,0.019999999552965164,0.0,0.0,-0.15000000596046448,-1.0,0.026575760650314365,0.8295445156100866,-0.03690959661786504,-1.2738532247232508,0.03166073800562408,2.1007362909086136,0.7708505855775982,-0.00028971418431703304,0.1070850179559856,0.0018123354775129278,-0.014660963171636423,0.0018589587346652496,0.09587057878598196,0.00023857021606076174,PLACE_OBJECT,OBJECT_DELIVERY_SEQUENCE,target,box,0.04,0.04,0.04,1,0.1,0.2,0.9,1.0,-0.25,0.0,0.02,0.001,0.15909612378083546,-0.019110404240076668,0.1452918167262328,1.1,0.7,0.4,-0.3,3.0,0.001,ee,False,-0.6,0.0,0.05,goal_sequence,target,0.15000000596046448,0.0,0.019999999552965164,goal_sequence,True,True,True,ERR_19,LIFT_OBJECT,D,False
1,54,1,1,3,0,1,2,2,11,2,0,0.13,0.0384649857878685,0.022422676905989647,0.11937323957681656,False,0,-0.11937323957681656,False,0.14908930659294128,0.0007099283393472433,0.14202281832695007,-0.005279011558741331,0.0001815852156141773,-0.08036520332098007,0.15914402902126312,-0.018820790573954582,0.1375250369310379,-3.140742063522339,-0.04399145394563675,0.0026615774258971214,-0.005429202690720558,0.007201939355581999,-0.08061964809894562,0.15000000596046448,0.0,0.019999999552965164,0.0,0.0,-0.15000000596046448,-1.0,0.026521550387973696,0.8403283690715141,-0.03658988389184302,-1.275543221896945,0.031912619190146665,2.113176582205991,0.7708508608243959,-0.00040316295178912916,0.11043328648937314,0.0019374981861638055,-0.01311083227000474,0.00195006851306442,0.09561441844860945,3.1222625645616064e-05,PLACE_OBJECT,OBJECT_DELIVERY_SEQUENCE,target,box,0.04,0.04,0.04,1,0.1,0.2,0.9,1.0,-0.25,0.0,0.02,0.001,0.15914402836829933,-0.01882079014942894,0.13752504018093403,1.1,0.7,0.4,-0.3,3.0,0.001,ee,False,-0.6,0.0,0.05,goal_sequence,target,0.15000000596046448,0.0,0.019999999552965164,goal_sequence,True,True,True,ERR_19,LIFT_OBJECT,D,False
1,55,1,1,3,0,1,2,2,10,2,0,0.13,0.038456082344055176,0.022238019853830338,0.11166322976350784,False,0,-0.11166322976350784,False,0.14907985925674438,0.000785684387665242,0.1342349499464035,-0.006190278101712465,0.00016032512940000743,-0.08143826574087143,0.15913240611553192,-0.01853340119123459,0.1297350823879242,-3.1407530307769775,-0.04397895559668541,0.002653637668117881,-0.006343370769172907,0.007149482611566782,-0.08170556277036667,0.15000000596046448,0.0,0.019999999552965164,0.0,0.0,-0.15000000596046448,-1.0,0.026455775194884474,0.8512680467913507,-0.036272347503677284,-1.277026788970498,0.03217325583580828,2.125577480335185,0.7708311177900328,-0.0004942993702253422,0.11283068469765957,0.0020220429735125626,-0.011517193978493365,0.002017586497774995,0.09531270648759617,-0.0001251756465174298,PLACE_OBJECT,OBJECT_DELIVERY_SEQUENCE,target,box,0.04,0.04,0.04,1,0.1,0.2,0.9,1.0,-0.25,0.0,0.02,0.001,0.1591324018592529,-0.01853340086693118,0.12973507671632584,1.1,0.7,0.4,-0.3,3.0,0.001,ee,False,-0.6,0.0,0.05,goal_sequence,target,0.15000000596046448,0.0,0.019999999552965164,goal_sequence,True,True,True,ERR_19,LIFT_OBJECT,D,False
1,56,1,1,3,0,1,2,2,10,2,0,0.13,0.03844833746552467,0.02204863540828228,0.10393603891134262,False,0,-0.10393603891134262,False,0.1490083634853363,0.0008533736690878868,0.1264221966266632,-0.007187495939433575,0.0001313488610321656,-0.08269119262695312,0.1590586006641388,-0.01824803464114666,0.12191982567310333,-3.1407623291015625,-0.04396381974220276,0.0026470248121768236,-0.007345414720475674,0.007101955823600292,-0.08297372609376907,0.15000000596046448,0.0,0.019999999552965164,0.0,0.0,-0.15000000596046448,-1.0,0.026380038724411983,0.8623678205539467,-0.03595635180717973,-1.2782990862558898,0.03244052834042522,2.1379264848050687,0.7707953474849155,-0.0005724893214560195,0.11548166803971734,0.0020849606202869987,-0.009889145460519957,0.002068907993272558,0.09491445496878836,-0.0002501324281079208,PLACE_OBJECT,OBJECT_DELIVERY_SEQUENCE,target,box,0.04,0.04,0.04,1,0.1,0.2,0.9,1.0,-0.25,0.0,0.02,0.001,0.1590585936639639,-0.01824803461561891,0.12191982438361668,1.1,0.7,0.4,-0.3,3.0,0.001,ee,False,-0.6,0.0,0.05,goal_sequence,target,0.15000000596046448,0.0,0.019999999552965164,goal_sequence,True,True,True,ERR_19,LIFT_OBJECT,D,False
1,57,1,1,3,0,1,2,2,9,2,0,0.13,0.03844151645898819,0.021855123341083527,0.09619710594415665,False,0,-0.09619710594415665,False,0.14887472987174988,0.0009138623136095703,0.11858726292848587,-0.00817544013261795,9.024502651300281e-05,-0.08380815386772156,0.1589227169752121,-0.01796450838446617,0.11408265680074692,-3.140770673751831,-0.04394963011145592,0.002641241764649749,-0.008337968960404396,0.007058546878397465,-0.08410374820232391,0.15000000596046448,0.0,0.019999999552965164,0.0,0.0,-0.15000000596046448,-1.0,0.026295362317920335,0.873624150810767,-0.035641481710937485,-1.2793583412334912,0.03271316618499653,2.150221398302676,0.7707461202018309,-0.0006422761037827799,0.11796141226757763,0.0021205915261124945,-0.008247581995618768,0.002110213190703118,0.09449986955386701,-0.00035533843240852757,PLACE_OBJECT,OBJECT_DELIVERY_SEQUENCE,target,box,0.04,0.04,0.04,1,0.1,0.2,0.9,1.0,-0.25,0.0,0.02,0.001,0.15892271681508954,-0.017964507879251444,0.11408265345940652,1.1,0.7,0.4,-0.3,3.0,0.001,ee,False,-0.6,0.0,0.05,goal_sequence,target,0.15000000596046448,0.0,0.019999999552965164,goal_sequence,True,True,True,ERR_19,LIFT_OBJECT,D,False
1,58,1,1,3,0,1,2,2,8,1,0,0.13,0.03843546658754349,0.02165820449590683,0.08845096826553345,False,0,-0.08845096826553345,False,0.14867843687534332,0.0009680898510850966,0.11073201149702072,-0.00918368436396122,5.391606464399956e-05,-0.08489241451025009,0.15872414410114288,-0.01768265664577484,0.10622520744800568,-3.140778064727783,-0.04393569752573967,0.0026363541837781668,-0.009350834414362907,0.0070189544931054115,-0.08520086854696274,0.15000000596046448,0.0,0.019999999552965164,0.0,0.0,-0.15000000596046448,-1.0,0.02620241837198846,0.8850357024674419,-0.03532682395258774,-1.2802023401682445,0.03299016569727985,2.162457658254345,0.7706851845858617,-0.0007067518258263061,0.12040695352468968,0.002159057238595533,-0.006589717446150695,0.0021438843690264713,0.09404983510553198,-0.0004467258589205946,PLACE_OBJECT,OBJECT_DELIVERY_SEQUENCE,target,box,0.04,0.04,0.04,1,0.1,0.2,0.9,1.0,-0.25,0.0,0.02,0.001,0.15872415123024924,-0.01768265752257514,0.1062252073758057,1.1,0.7,0.4,-0.3,3.0,0.001,ee,False,-0.6,0.0,0.05,goal_sequence,target,0.15000000596046448,0.0,0.019999999552965164,goal_sequence,True,True,True,ERR_19,LIFT_OBJECT,D,False
1,59,1,1,3,0,1,2,2,7,1,0,0.13,0.038430046290159225,0.021458188071846962,0.08070384711027145,False,0,-0.08070384711027145,False,0.14841905236244202,0.0010164754930883646,0.10285843908786774,-0.010201070457696915,1.6334777683368884e-05,-0.08591298758983612,0.1584625095129013,-0.017402343451976776,0.09834957122802734,-3.140784740447998,-0.043922267854213715,0.0026319012977182865,-0.010372741147875786,0.006982733029872179,-0.08623352646827698,0.15000000596046448,0.0,0.019999999552965164,0.0,0.0,-0.15000000596046448,-1.0,0.02610191416876141,0.8966004389643323,-0.03501240423609872,-1.2808292716416796,0.033270529603860156,2.1746315498918825,0.7706143021365512,-0.0007656401528159338,0.12277665234644117,0.0021902161930162775,-0.004917917210947007,0.00216984027876407,0.09357126116855985,-0.000524421971732112,PLACE_OBJECT,OBJECT_DELIVERY_SEQUENCE,target,box,0.04,0.04,0.04,1,0.1,0.2,0.9,1.0,-0.25,0.0,0.02,0.001,0.15846251592210636,-0.01740234353794666,0.09834957357301911,1.1,0.7,0.4,-0.3,3.0,0.001,ee,False,-0.6,0.0,0.05,goal_sequence,target,0.15000000596046448,0.0,0.019999999552965164,goal_sequence,True,True,True,ERR_19,LIFT_OBJECT,D,False
1,60,1,1,3,0,1,2,2,7,1,0,0.13,0.03842516615986824,0.02125568315386772,0.072964146733284,False,0,-0.072964146733284,False,0.14809632301330566,0.0010598119115456939,0.09496885538101196,-0.011225475929677486,-1.74953747773543e-05,-0.08686790615320206,0.15813754498958588,-0.01712343655526638,0.09045804291963577,-3.1407904624938965,-0.04390973225235939,0.0026281399186700583,-0.011401407420635223,0.006949490401893854,-0.08719997107982635,0.15000000596046448,0.0,0.019999999552965164,0.0,0.0,-0.15000000596046448,-1.0,0.02599420169057639,0.9083159231883331,-0.034697310474102606,-1.281237458293682,0.033553575398316875,2.1867393610721826,0.7705344543179518,-0.0008217177245093504,0.12506689279603994,0.002224322641099472,-0.003233778800548523,0.0021905402126385157,0.09306409111839366,-0.000594445651844017,PLACE_OBJECT,OBJECT_DELIVERY_SEQUENCE,target,box,0.04,0.04,0.04,1,0.1,0.2,0.9,1.0,-0.25,0.0,0.02,0.001,0.1581375481721376,-0.017123436335313887,0.09045804094042731,1.1,0.7,0.4,-0.3,3.0,0.001,ee,False,-0.6,0.0,0.05,goal_sequence,target,0.15000000596046448,0.0,0.019999999552965164,goal_sequence,True,True,True,ERR_19,LIFT_OBJECT,D,False
1,61,1,1,3,0,1,2,2,6,1,0,0.13,0.038420770317316055,0.02105151116847992,0.0652756467461586,False,0,-0.0652756467461586,False,0.1477186232805252,0.0010992572642862797,0.08709608763456345,-0.011954424902796745,-4.8620473535265774e-05,-0.08682423084974289,0.15775825083255768,-0.016845827922225,0.08258543908596039,-3.1407957077026367,-0.0439082607626915,0.002624389249831438,-0.012130233459174633,0.006918817758560181,-0.08715733140707016,0.15000000596046448,0.0,0.019999999552965164,0.0,0.0,-0.15000000596046448,-1.0,0.025880788296313094,0.9201533019249253,-0.03438255849777147,-1.2813857492932021,0.03383713461338255,2.198720801027438,0.7704496660783048,-0.0008659793405105691,0.1261609676403453,0.002231448319847909,-0.0012310734511793361,0.0021941480703041253,0.0920943835566386,-0.0006339700657999846,PLACE_OBJECT,OBJECT_DELIVERY_SEQUENCE,target,box,0.04,0.04,0.04,1,0.1,0.2,0.9,1.0,-0.25,0.0,0.02,0.001,0.1577582494516228,-0.01684582844305098,0.08258543564336586,1.1,0.7,0.4,-0.3,3.0,0.001,ee,False,-0.6,0.0,0.05,goal_sequence,target,0.15000000596046448,0.0,0.019999999552965164,goal_sequence,True,True,True,ERR_19,LIFT_OBJECT,D,False
1,62,1,1,3,0,1,2,2,5,1,0,0.13,0.03841673210263252,0.02084614336490631,0.057666126638650894,False,0,-0.057666126638650894,False,0.14728005230426788,0.0011353965383023024,0.07925710082054138,-0.012649940326809883,-5.7072669733315706e-05,-0.08641225099563599,0.15731820464134216,-0.016569405794143677,0.07474742829799652,-3.1408004760742188,-0.04391669109463692,0.002620948012918234,-0.012823966331779957,0.0068908813409507275,-0.08674365282058716,0.15000000596046448,0.0,0.019999999552965164,0.0,0.0,-0.15000000596046448,-1.0,0.02576352603561501,0.9320589354912495,-0.03406852845808262,-1.2813284062894443,0.03412005208047512,2.2105750654885923,0.7703605046812165,-0.0008962780090153652,0.12651357824403306,0.0022599532147746506,0.00035325304899327253,0.0021890220079315743,0.09111767127376963,-0.0006688528788826552,PLACE_OBJECT,OBJECT_DELIVERY_SEQUENCE,target,box,0.04,0.04,0.04,1,0.1,0.2,0.9,1.0,-0.25,0.0,0.02,0.001,0.15731819968131136,-0.016569406587546066,0.07474742752843219,1.1,0.7,0.4,-0.3,3.0,0.001,ee,False,-0.6,0.0,0.05,goal_sequence,target,0.15000000596046448,0.0,0.019999999552965164,goal_sequence,True,True,True,ERR_19,LIFT_OBJECT,D,False
1,63,1,1,3,0,1,2,2,4,1,0,0.13,0.03841298446059227,0.020639408379793167,0.050110600888729095,False,0,-0.050110600888729095,False,0.1467701941728592,0.0011677155271172523,0.0714079961180687,-0.013818727806210518,-9.430663340026513e-05,-0.087453193962574,0.1568058878183365,-0.016294069588184357,0.0668962225317955,-3.1408047676086426,-0.043909359723329544,0.0026184243615716696,-0.013998614624142647,0.006865286733955145,-0.0877985954284668,0.15000000596046448,0.0,0.019999999552965164,0.0,0.0,-0.15000000596046448,-1.0,0.025641111193207007,0.9440878007732575,-0.03375353549569712,-1.2810908775600776,0.03440330640796467,2.2223567216639513,0.7702647568553359,-0.000936055461763355,0.1287460731821002,0.002278589301753488,0.0017360527269263057,0.002192483183851632,0.09055822378679436,-0.0007193136711658703,PLACE_OBJECT,OBJECT_DELIVERY_SEQUENCE,target,box,0.04,0.04,0.04,1,0.1,0.2,0.9,1.0,-0.25,0.0,0.02,0.001,0.15680588217362426,-0.01629406935504047,0.06689622555834038,1.1,0.7,0.4,-0.3,3.0,0.001,ee,False,-0.6,0.0,0.05,goal_sequence,target,0.15000000596046448,0.0,0.019999999552965164,goal_sequence,True,True,True,ERR_19,LIFT_OBJECT,D,False
1,64,1,1,3,0,1,2,2,3,1,0,0.13,0.038409534841775894,0.0204301904886961,0.042594145983457565,False,0,-0.042594145983457565,False,0.146187424659729,0.0011948265600949526,0.06349079310894012,-0.015417875722050667,-0.00015660632925573736,-0.09001732617616653,0.1562197059392929,-0.01601974107325077,0.05897364020347595,-3.1408088207244873,-0.04387810826301575,0.002616593847051263,-0.015610563568770885,0.0068407789804041386,-0.09039119631052017,0.15000000596046448,0.0,0.019999999552965164,0.0,0.0,-0.15000000596046448,-1.0,0.025510317669240033,0.9563490722736815,-0.03343578269687619,-1.2806328059956689,0.034688735428827756,2.234126762346915,0.7701603515788955,-0.0010005335062089056,0.1332660163317742,0.002304692447245682,0.003428628491800638,0.002210136479457867,0.09046767711070008,-0.0007857492356363903,PLACE_OBJECT,OBJECT_DELIVERY_SEQUENCE,target,box,0.04,0.04,0.04,1,0.1,0.2,0.9,1.0,-0.25,0.0,0.02,0.001,0.1562197087867713,-0.016019741538387512,0.05897364025772026,1.1,0.7,0.4,-0.3,3.0,0.001,ee,False,-0.6,0.0,0.05,goal_sequence,target,0.15000000596046448,0.0,0.019999999552965164,goal_sequence,True,True,True,ERR_19,LIFT_OBJECT,D,False
1,65,1,1,3,0,1,2,2,3,1,0,0.13,0.03840629756450653,0.020218921825289726,0.035244833678007126,False,0,-0.035244833678007126,False,0.14554479718208313,0.00121780252084136,0.055553536862134933,-0.0163924191147089,-0.0001959555083885789,-0.0906897559762001,0.1555750072002411,-0.0157463476061821,0.05103498324751854,-3.140812397003174,-0.04386750981211662,0.002614573808386922,-0.01658760942518711,0.0068188561126589775,-0.09106966108083725,0.15000000596046448,0.0,0.019999999552965164,0.0,0.0,-0.15000000596046448,-1.0,0.025372886538469,0.9687779625493452,-0.03311658433123134,-1.279931172755612,0.034974779608998106,2.245842381124455,0.7700507149273514,-0.0010519491010578534,0.13532831276439317,0.002322379531370259,0.005307193124974394,0.002214227302976159,0.09005160050398756,-0.0008274287859575324,PLACE_OBJECT,OBJECT_DELIVERY_SEQUENCE,target,box,0.04,0.04,0.04,1,0.1,0.2,0.9,1.0,-0.25,0.0,0.02,0.001,0.15557500133842492,-0.01574634742231786,0.051034983209673306,1.1,0.7,0.4,-0.3,3.0,0.001,ee,False,-0.6,0.0,0.05,goal_sequence,target,0.15000000596046448,0.0,0.019999999552965164,goal_sequence,True,True,True,ERR_19,LIFT_OBJECT,D,False
1,66,1,1,3,0,1,2,2,2,1,0,0.13,0.038403309881687164,0.02000652439892292,0.028221495449543,False,0,-0.028221495449543,False,0.14483828842639923,0.001237597200088203,0.04761363938450813,-0.017414746806025505,-0.0002140730357496068,-0.09123702347278595,0.15486636757850647,-0.015473819337785244,0.04309398680925369,-3.1408157348632812,-0.04386281222105026,0.0026127879973500967,-0.017612647265195847,0.00679818307980895,-0.09162436425685883,0.15000000596046448,0.0,0.019999999552965164,0.0,0.0,-0.15000000596046448,-1.0,0.02523044526779282,0.9813405974721189,-0.03279618586662138,-1.2790060761311894,0.03525989382449759,2.257474330408986,0.7699372026425493,-0.0010909433161858865,0.1371073882881091,0.002359444609809104,0.007027048049163577,0.0022070872096714364,0.0894086052912886,-0.0008578723559234469,PLACE_OBJECT,OBJECT_DELIVERY_SEQUENCE,target,box,0.04,0.04,0.04,1,0.1,0.2,0.9,1.0,-0.25,0.0,0.02,0.001,0.15486636151746766,-0.015473819342289662,0.0430939853940093,1.1,0.7,0.4,-0.3,3.0,0.001,ee,False,-0.6,0.0,0.05,goal_sequence,target,0.15000000596046448,0.0,0.019999999552965164,goal_sequence,True,True,True,ERR_19,LIFT_OBJECT,D,False
1,67,1,1,3,0,1,2,2,1,1,0,0.13,0.03840070962905884,0.019793903455138206,0.022586585953831673,False,0,-0.022586585953831673,False,0.14426742494106293,0.00125860923435539,0.04059359058737755,-0.008041240274906158,1.4257843758969102e-05,-0.06243960186839104,0.154316708445549,-0.015202052891254425,0.03613745793700218,-3.1408050060272217,-0.04447518289089203,0.002610580064356327,-0.008089454844594002,0.0067814127542078495,-0.06250738352537155,0.15000000596046448,0.0,0.019999999552965164,0.0,0.0,-0.13806821405887604,-1.0,0.025095829315338436,0.9925420275842523,-0.032495855235317,-1.2780124639996706,0.03552510275472935,2.2682882295735176,0.769829358101371,-0.001033825861982715,0.0981290249384656,0.002224234324766995,0.007639299495062105,0.0020380081157141024,0.08315345924797674,-0.0008295920996819299,PLACE_OBJECT,OBJECT_DELIVERY_SEQUENCE,target,box,0.04,0.04,0.04,1,0.1,0.2,0.9,1.0,-0.25,0.0,0.02,0.001,0.1543167031886098,-0.01520205283816378,0.03613745895923833,1.1,0.7,0.4,-0.3,3.0,0.001,ee,False,-0.6,0.0,0.05,goal_sequence,target,0.15000000596046448,0.0,0.019999999552965164,goal_sequence,True,True,True,ERR_19,LIFT_OBJECT,D,False
1,68,1,1,3,0,1,2,2,1,1,0,0.13,0.03839799389243126,0.019584884867072105,0.01934252306818962,False,0,-0.01934252306818962,False,0.14404617249965668,0.0012857228284701705,0.03595305606722832,0.0019306264584884048,0.00027029772172681987,-0.024813471361994743,0.15412113070487976,-0.014931042678654194,0.03158505633473396,-3.140763998031616,-0.04582703486084938,0.0026131749618798494,0.0020540154073387384,0.0067592826671898365,-0.02454436384141445,0.15000000596046448,0.0,0.019999999552965164,0.0,0.0,-0.10296795517206192,-1.0,0.025000397245486524,1.0001023867215375,-0.03226844543759807,-1.2771841748484105,0.035719985755588865,2.2762996533081528,0.76976253538971,-0.000680078094928063,0.0433161818069444,0.0015965462351894084,0.004817794129991129,0.0017964402565391092,0.06077411045424001,-0.00023051199358866108,PLACE_OBJECT,OBJECT_DELIVERY_SEQUENCE,target,box,0.04,0.04,0.04,1,0.1,0.2,0.9,1.0,-0.25,0.0,0.02,0.001,0.1541211288948841,-0.014931042752354108,0.03158505714465601,1.1,0.7,0.4,-0.3,3.0,0.001,ee,False,-0.6,0.0,0.05,goal_sequence,target,0.15000000596046448,0.0,0.019999999552965164,goal_sequence,True,True,True,ERR_19,LIFT_OBJECT,D,False
1,69,1,1,3,0,1,2,2,0,1,0,0.13,0.03839554265141487,0.019381003454327583,0.01723502203822136,False,0,-0.01723502203822136,False,0.14382345974445343,0.001312939217314124,0.03255339339375496,-0.002830052748322487,0.00015449628699570894,-0.028262991458177567,0.15389060974121094,-0.01466121431440115,0.02818278595805168,-3.140756130218506,-0.046292368322610855,0.002615461591631174,-0.0028325566090643406,0.006726355757564306,-0.0282466858625412,0.15000000596046448,0.0,0.019999999552965164,0.0,0.0,-0.07976528257131577,-1.0,0.02494018776029552,1.0058468243623673,-0.032106695217629426,-1.2762408920684576,0.035840896344172424,2.2815262112531127,0.7697449467643179,-0.0004480602922035931,0.04668108805314286,0.0011734138957441237,0.0068195192296334264,0.0010083365513711105,0.039965870992032394,-6.449294508492371e-05,PLACE_OBJECT,OBJECT_DELIVERY_SEQUENCE,target,box,0.04,0.04,0.04,1,0.1,0.2,0.9,1.0,-0.25,0.0,0.02,0.001,0.15389061023136508,-0.014661214369833602,0.028182785076872614,1.1,0.7,0.4,-0.3,3.0,0.001,ee,False,-0.6,0.0,0.05,goal_sequence,target,0.15000000596046448,0.0,0.019999999552965164,goal_sequence,True,True,True,ERR_19,LIFT_OBJECT,D,False
1,70,1,1,3,0,1,2,2,0,1,0,0.13,0.038393355906009674,0.019178597256541252,0.015840649604797363,False,0,-0.015840649604797363,False,0.14358747005462646,0.0013383581535890698,0.029871821403503418,-0.0022840381134301424,0.00015634909505024552,-0.021656353026628494,0.15365572273731232,-0.014392668381333351,0.025514798238873482,-3.140756130218506,-0.0463414341211319,0.0026143821887671947,-0.0022901147603988647,0.006696177646517754,-0.021656086668372154,0.15000000596046448,0.0,0.019999999552965164,0.0,0.0,-0.06276696920394897,-1.0,0.02490127097958986,1.0103833684165897,-0.031985020397986196,-1.275356141989307,0.035920974883207835,2.285206927408676,0.7697472051359602,-0.00030313934987750957,0.03649307520918341,0.0009010655325616233,0.006932800669970374,0.0005915698994466232,0.028303210473044835,-1.2527651574833175e-05,PLACE_OBJECT,OBJECT_DELIVERY_SEQUENCE,target,box,0.04,0.04,0.04,1,0.1,0.2,0.9,1.0,-0.25,0.0,0.02,0.001,0.153655718654787,-0.014392668244086651,0.025514797464107782,1.1,0.7,0.4,-0.3,3.0,0.001,ee,False,-0.6,0.0,0.05,goal_sequence,target,0.15000000596046448,0.0,0.019999999552965164,goal_sequence,True,True,True,ERR_19,LIFT_OBJECT,D,False
1,71,1,1,3,0,1,2,2,0,1,0,0.13,0.03839126601815224,0.018977731466293335,0.014936910010874271,False,0,-0.014936910010874271,False,0.1433887928724289,0.0013623154954984784,0.02775770239531994,-0.0017981142736971378,0.00015327418805100024,-0.016861455515027046,0.153457909822464,-0.01412531454116106,0.02341022901237011,-3.1407554149627686,-0.04634306579828262,0.002613383810967207,-0.0018011968350037932,0.006667717359960079,-0.01685817912220955,0.15000000596046448,0.0,0.019999999552965164,0.0,0.0,-0.04935910925269127,-1.0,0.024875504318137967,1.0139671257479779,-0.03188828608803526,-1.274638805320016,0.03597930339426982,2.2880592109501077,0.7697551596188305,-0.0002018331805832906,0.028543755695922254,0.0007139756408806521,0.005638421844670366,0.00042498147735822896,0.021932664426181765,3.339130734172739e-05,PLACE_OBJECT,OBJECT_DELIVERY_SEQUENCE,target,box,0.04,0.04,0.04,1,0.1,0.2,0.9,1.0,-0.25,0.0,0.02,0.001,0.15345791622938165,-0.014125314291975133,0.02341022860808143,1.1,0.7,0.4,-0.3,3.0,0.001,ee,False,-0.6,0.0,0.05,goal_sequence,target,0.15000000596046448,0.0,0.019999999552965164,goal_sequence,True,True,True,ERR_19,LIFT_OBJECT,D,False
1,72,1,1,3,0,1,2,2,0,1,0,0.13,0.03838957101106644,0.018778370693325996,0.014352562837302685,False,0,-0.014352562837302685,False,0.1432255506515503,0.0013852104311808944,0.026089515537023544,-0.0013647705782204866,0.00015689089195802808,-0.013079165481030941,0.15329545736312866,-0.01385911088436842,0.021749604493379593,-3.1407523155212402,-0.04636125639081001,0.002613569376990199,-0.0013681264827027917,0.006640319246798754,-0.01307571679353714,0.15000000596046448,0.0,0.019999999552965164,0.0,0.0,-0.03878851607441902,-1.0,0.024859517387431394,1.0167937299584875,-0.03181021774182892,-1.2740740056963005,0.03602277562373311,2.2903032302580364,0.7697676286801743,-0.00012642346049357385,0.02222104589897724,0.0005820670269641847,0.00445593914695102,0.00031190484581008343,0.017272532673399114,7.211239223319909e-05,PLACE_OBJECT,OBJECT_DELIVERY_SEQUENCE,target,box,0.04,0.04,0.04,1,0.1,0.2,0.9,1.0,-0.25,0.0,0.02,0.001,0.1532954519152809,-0.01385911076370721,0.02174960461976545,1.1,0.7,0.4,-0.3,3.0,0.001,ee,False,-0.6,0.0,0.05,goal_sequence,target,0.15000000596046448,0.0,0.019999999552965164,goal_sequence,True,True,True,ERR_19,LIFT_OBJECT,D,False
1,73,1,1,3,0,1,2,2,0,1,0,0.13,0.038390111178159714,0.01859883777797222,0.01407176535576582,False,0,-0.01407176535576582,False,0.14326898753643036,0.001397042302414775,0.02491944283246994,0.0030396569054573774,-0.00023434289323631674,-0.006735796108841896,0.15333864092826843,-0.01365325041115284,0.020675916224718094,-3.1407387256622314,-0.03827140852808952,0.002615542383864522,0.002896699355915189,0.0036669292021542788,-0.005676432512700558,0.15000000596046448,0.0,0.019999999552965164,0.0,0.0,-0.030447576195001602,-1.0,0.02484234687957311,1.019045777924076,-0.031743914160416456,-1.2732864038965062,0.03595055215674416,2.292320496515966,0.7696905938721089,-0.00019954591000586374,0.01770889341073275,0.0003029883602638294,0.01100175602432131,-0.0024696237633617616,0.01916343256660928,-0.0013525007661161952,PLACE_OBJECT,OBJECT_DELIVERY_SEQUENCE,target,box,0.04,0.04,0.04,1,0.1,0.2,0.9,1.0,-0.25,0.0,0.02,0.001,0.1533386401669312,-0.013653250032559155,0.02067591708471599,1.1,0.7,0.4,-0.3,3.0,0.001,ee,False,-0.6,0.0,0.05,goal_sequence,target,0.15000000596046448,0.0,0.019999999552965164,goal_sequence,True,True,True,ERR_19,LIFT_OBJECT,D,False
1,74,1,1,7,0,1,0,2,0,1,0,0.13,0.07494121044874191,0.018947910517454147,0.014114211313426495,False,0,-0.014114211313426495,False,0.14317719638347626,0.001376819098368287,0.024810288101434708,-0.0007628538878634572,-0.00016105570830404758,-0.0007455090526491404,0.15370617806911469,-0.013618920929729939,0.01998414658010006,-3.141507625579834,-0.00020756045705638826,0.0026264856569468975,0.00018022960284724832,7.444608490914106e-05,0.0002544931776355952,0.15000000596046448,0.0,0.019999999552965164,0.0,0.0,0.0,1.0,0.02481338518830286,1.0190908234005451,-0.031746629208540426,-1.2733934167718743,0.03599510149900728,2.2921200995681756,0.7697490288201034,-0.00022259383740944242,0.00034663332573471595,-3.103385498163359e-05,-0.0008190988920924111,0.0003403415223588741,-0.0015408395994429766,0.00044931040529827635,PLACE_OBJECT,OBJECT_DELIVERY_SEQUENCE,target,box,0.04,0.04,0.04,1,0.1,0.2,0.9,1.0,-0.25,0.0,0.02,0.001,0.15370618400988745,-0.01361892130713233,0.019984147238538474,1.1,0.7,0.4,-0.3,3.0,0.001,ee,False,-0.6,0.0,0.05,goal_sequence,target,0.15000000596046448,0.0,0.019999999552965164,goal_sequence,True,True,True,ERR_19,LIFT_OBJECT,D,False
1,75,1,1,7,0,0,0,2,0,1,0,0.13,0.07938496768474579,0.018952837213873863,0.01411375217139721,False,0,-0.014113751240074635,False,0.14313936233520508,0.0013690482592210174,0.024772580713033676,-0.0002835748018696904,-6.547889643115923e-05,-0.0002827421121764928,0.1537095457315445,-0.013617532327771187,0.0199888963252306,-3.1415765285491943,-3.9165162888821214e-05,0.002626494038850069,3.401765206945129e-05,1.4045279385754839e-05,4.801373142981902e-05,0.15000000596046448,0.0,0.019999999552965164,0.0,0.0,0.0,1.0,0.024806242778293602,1.019107134750539,-0.0317511730822551,-1.2734370413573755,0.03600740499040688,2.2920525864307155,0.7697660833236237,-5.4726173808676847e-05,0.00012544223300121893,-4.61144848656891e-05,-0.0003356195350975033,9.405590773852758e-05,-0.0005191036502115286,0.00013113327130831465,PLACE_OBJECT,OBJECT_DELIVERY_SEQUENCE,target,box,0.04,0.04,0.04,1,0.1,0.2,0.9,1.0,-0.25,0.0,0.02,0.001,0.1537095476038825,-0.013617532254692075,0.01998889570485294,1.1,0.7,0.4,-0.3,3.0,0.001,ee,False,-0.6,0.0,0.05,goal_sequence,target,0.15000000596046448,0.0,0.019999999552965164,goal_sequence,True,True,True,ERR_19,LIFT_OBJECT,D,False
1,76,1,1,7,0,0,0,2,0,1,0,0.13,0.07992522418498993,0.018954621627926826,0.01411366742104292,False,0,-0.01411366742104292,False,0.1431247442960739,0.0013657253002747893,0.02475801669061184,-0.00010963377280859277,-2.572664016042836e-05,-0.00010923029185505584,0.15371018648147583,-0.01361727062612772,0.01998979225754738,-3.141589641571045,-7.390201517409878e-06,0.0026264942716807127,6.419242708943784e-06,2.6501725187699776e-06,9.059606782102492e-06,0.15000000596046448,0.0,0.019999999552965164,0.0,0.0,0.0,1.0,0.02480498074842727,1.0191115519625766,-0.03175492613284778,-1.2734583899769147,0.03601162088685881,2.2920321772949195,0.7697703697116077,-9.689242366190006e-06,3.397755943954084e-05,-3.007071663769127e-05,-0.00016398497480918373,3.2320791710341995e-05,-0.00015692638928710423,3.295833723715447e-05,PLACE_OBJECT,OBJECT_DELIVERY_SEQUENCE,target,box,0.04,0.04,0.04,1,0.1,0.2,0.9,1.0,-0.25,0.0,0.02,0.001,0.15371018239286957,-0.01361727017313175,0.019989791629798154,1.1,0.7,0.4,-0.3,3.0,0.001,ee,False,-0.6,0.0,0.05,goal_sequence,target,0.15000000596046448,0.0,0.019999999552965164,goal_sequence,True,True,True,ERR_19,LIFT_OBJECT,D,False
1,77,1,1,7,0,0,0,2,0,1,0,0.13,0.07999090850353241,0.018955226987600327,0.014113649725914001,False,0,-0.014113650657236576,False,0.14311854541301727,0.0013640925753861666,0.02475184202194214,-4.673366493079811e-05,-1.2409220289555378e-05,-4.6465069317491725e-05,0.15371030569076538,-0.01361722033470869,0.01998995989561081,-3.141592025756836,-1.3944820693723159e-06,0.0026264942716807127,1.211280050483765e-06,5.000676992494846e-07,1.7094778286264045e-06,0.15000000596046448,0.0,0.019999999552965164,0.0,0.0,0.0,1.0,0.02480525641884463,1.0191116473028796,-0.03175778781254111,-1.2734716791650176,0.03601402253883499,2.2920288064648853,0.7697705760443067,2.117605260112612e-06,7.393044975795293e-07,-2.2092000806789915e-05,-0.00010207886143503292,1.84421826304286e-05,-2.591856341300526e-05,1.586506553907796e-06,PLACE_OBJECT,OBJECT_DELIVERY_SEQUENCE,target,box,0.04,0.04,0.04,1,0.1,0.2,0.9,1.0,-0.25,0.0,0.02,0.001,0.15371030217690815,-0.013617220720899798,0.019989960682044013,1.1,0.7,0.4,-0.3,3.0,0.001,ee,False,-0.6,0.0,0.05,goal_sequence,target,0.15000000596046448,0.0,0.019999999552965164,goal_sequence,True,True,True,ERR_19,LIFT_OBJECT,D,False
1,78,1,1,7,0,0,0,2,0,1,0,0.13,0.07999888807535172,0.018955430015921593,0.014113645069301128,False,0,-0.014113645069301128,False,0.14311537146568298,0.0013631085166707635,0.024748707190155983,-2.3974749638000503e-05,-7.47903732190025e-06,-2.3742652047076263e-05,0.15371032059192657,-0.013617211021482944,0.019989993423223495,-3.141592502593994,-2.6312983436582726e-07,0.0026264942716807127,2.2856049497477215e-07,9.4359791091847e-08,3.225667057904502e-07,0.15000000596046448,0.0,0.019999999552965164,0.0,0.0,0.0,1.0,0.024805913414794527,1.0191101712084483,-0.03176012100566556,-1.2734820523880686,0.03601611539693292,2.292031596990437,0.7697694333403707,5.049348157312901e-06,-1.134653211105896e-05,-1.7919023312350953e-05,-7.970340647411867e-05,1.608250808958142e-05,2.145648065769376e-05,-8.786330540911692e-06,PLACE_OBJECT,OBJECT_DELIVERY_SEQUENCE,target,box,0.04,0.04,0.04,1,0.1,0.2,0.9,1.0,-0.25,0.0,0.02,0.001,0.15371032477947136,-0.01361721138960264,0.019989992580973195,1.1,0.7,0.4,-0.3,3.0,0.001,ee,False,-0.6,0.0,0.05,goal_sequence,target,0.15000000596046448,0.0,0.019999999552965164,goal_sequence,True,True,True,ERR_19,LIFT_OBJECT,D,False
1,79,1,1,7,0,0,0,2,0,1,0,0.13,0.07999888807535172,0.018955498933792114,0.014113647863268852,False,0,-0.014113647863268852,True,0.14311331510543823,0.0013623827835544944,0.024746669456362724,-1.5738794900244102e-05,-5.5358964345941786e-06,-1.551561763335485e-05,0.15371033549308777,-0.01361721009016037,0.019989999011158943,-3.1415927410125732,-4.965122002431599e-08,0.0026264942716807127,4.3127450055635563e-08,1.780549574448287e-08,6.08661778755959e-08,0.15000000596046448,0.0,0.019999999552965164,0.0,0.0,0.0,0.0,0.024806653619125128,1.0191081238300421,-0.03176218202575158,-1.2734913702713058,0.03601821161259757,2.292036615228446,0.7697678227654816,5.689732866428479e-06,-1.574029977161051e-05,-1.5822814513320325e-05,-7.160813280412265e-05,1.6112291764160125e-05,3.8585532794999794e-05,-1.2383823050354792e-05,PLACE_OBJECT,OBJECT_DELIVERY_SEQUENCE,target,box,0.04,0.04,0.04,1,0.1,0.2,0.9,1.0,-0.25,0.0,0.02,0.001,0.15371032904441262,-0.013617209628832632,0.01998999860008469,1.1,0.7,0.4,-0.3,3.0,0.001,ee,False,-0.6,0.0,0.05,goal_sequence,target,0.15000000596046448,0.0,0.019999999552965164,goal_sequence,True,True,True,ERR_19,LIFT_OBJECT,D,False
